config_number,threshold,n_estimators,max_depth,min_samples_leaf,max_features,class_weight,accuracy,precision,recall,f1,roc_auc,pr_auc,true_negative,false_positive,false_negative,true_positive
8,0.2,400,8,5,0.7,None,0.7952608847904751,0.3172638436482085,0.4082145850796312,0.35703812316715544,0.7296195531705494,0.357516670173057,6326,1048,706,487
5,0.2,350,8,10,sqrt,None,0.8033150461071553,0.32651622002820874,0.38809723386420786,0.35465338950593644,0.7230009564426427,0.3371737961841324,6419,955,730,463
4,0.2,350,8,5,sqrt,None,0.8068168553752773,0.33476394849785407,0.3922883487007544,0.36125048243921265,0.7274244184103501,0.34396277262272607,6444,930,725,468
8,0.21,400,8,5,0.7,None,0.8078673981557137,0.3338224504768892,0.38139145012573344,0.35602503912363065,0.7296195531705494,0.357516670173057,6466,908,738,455
3,0.2,300,7,5,sqrt,None,0.808100852106922,0.3303235515425132,0.36797988264878456,0.3481363996827914,0.7131173368926549,0.322083350655765,6484,890,754,439
2,0.2,300,6,5,sqrt,None,0.8083343060581301,0.3205435651478817,0.336127409891031,0.3281505728314239,0.701152141674459,0.3030376789027991,6524,850,792,401
6,0.2,400,10,10,sqrt,None,0.8092681218629625,0.35071090047393366,0.43419949706621963,0.3880149812734082,0.7509609327168631,0.3809993653257669,6415,959,675,518
9,0.2,400,10,5,0.7,None,0.8107855725458153,0.3643852978453739,0.48197820620285,0.41501263081919887,0.7651610481629232,0.4230966546307482,6371,1003,618,575
1,0.2,250,5,5,sqrt,None,0.8138204739115209,0.3249128919860627,0.3126571668063705,0.31866723622383597,0.6907692713416637,0.28955940203789393,6599,775,820,373
7,0.2,400,12,10,sqrt,None,0.8168553752772265,0.3774445893089961,0.4853310980720872,0.42464246424642466,0.7768399016866993,0.42631161666067097,6419,955,614,579
5,0.21,350,8,10,sqrt,None,0.8174390101552469,0.3465674110835401,0.3512154233025985,0.3488759367194005,0.7230009564426427,0.3371737961841324,6584,790,774,419
3,0.21,300,7,5,sqrt,None,0.8190731878137038,0.34491746307558646,0.3327745180217938,0.3387372013651877,0.7131173368926549,0.322083350655765,6620,754,796,397
2,0.21,300,6,5,sqrt,None,0.8201237305941403,0.33646616541353386,0.3000838222967309,0.3172352680549402,0.701152141674459,0.3030376789027991,6668,706,835,358
6,0.21,400,10,10,sqrt,None,0.8212910003501809,0.36919504643962847,0.39983235540653816,0.3839034205231388,0.7509609327168631,0.3809993653257669,6559,815,716,477
4,0.21,350,8,5,sqrt,None,0.821407727325785,0.35899581589958157,0.3595976529756915,0.3592964824120603,0.7274244184103501,0.34396277262272607,6608,766,764,429
8,0.22,400,8,5,0.7,None,0.8222248161550134,0.3601694915254237,0.3562447611064543,0.3581963758954909,0.7296195531705494,0.357516670173057,6619,755,768,425
9,0.21,400,10,5,0.7,None,0.8242091747402824,0.3868402024584237,0.4484492875104778,0.41537267080745344,0.7651610481629232,0.4230966546307482,6526,848,658,535
1,0.21,250,5,5,sqrt,None,0.8254931714719271,0.34138655462184875,0.27242246437552387,0.30303030303030304,0.6907692713416637,0.28955940203789393,6747,627,868,325
10,0.2,400,12,5,0.7,None,0.8257266254231352,0.40683229813664595,0.5490360435875943,0.46735640385301463,0.7947650736338068,0.4859891768125886,6419,955,538,655
5,0.22,350,8,10,sqrt,None,0.8261935333255516,0.3616822429906542,0.32439228834870076,0.34202386212991603,0.7230009564426427,0.3371737961841324,6691,683,806,387
7,0.21,400,12,10,sqrt,None,0.8286447998132368,0.3985239852398524,0.4526404023470243,0.423861852433281,0.7768399016866993,0.42631161666067097,6559,815,653,540
3,0.22,300,7,5,sqrt,None,0.828878253764445,0.3622603430877901,0.30092204526404026,0.32875457875457875,0.7131173368926549,0.322083350655765,6742,632,834,359
2,0.22,300,6,5,sqrt,None,0.828878253764445,0.35275080906148865,0.2740989103101425,0.30849056603773584,0.701152141674459,0.3030376789027991,6774,600,866,327
4,0.22,350,8,5,sqrt,None,0.8302789774716937,0.3746397694524496,0.3269069572506287,0.34914950760966873,0.7274244184103501,0.34396277262272607,6723,651,803,390
8,0.23,400,8,5,0.7,None,0.83074588537411,0.3779677113010446,0.3336127409891031,0.3544078361531612,0.7296195531705494,0.357516670173057,6719,655,795,398
6,0.22,400,10,10,sqrt,None,0.8316797011789424,0.3903083700440529,0.37133277451802177,0.3805841924398625,0.7509609327168631,0.3809993653257669,6682,692,750,443
1,0.22,250,5,5,sqrt,None,0.8331971518617952,0.357487922705314,0.24811399832355407,0.2929242949035131,0.6907692713416637,0.28955940203789393,6842,532,897,296
5,0.23,350,8,10,sqrt,None,0.8341309676666278,0.37872340425531914,0.29840737636211234,0.3338021565869667,0.7230009564426427,0.3371737961841324,6790,584,837,356
3,0.23,300,7,5,sqrt,None,0.8352982374226684,0.37613636363636366,0.2774518021793797,0.3193439459720212,0.7131173368926549,0.322083350655765,6825,549,862,331
2,0.23,300,6,5,sqrt,None,0.8352982374226684,0.36803874092009686,0.2548197820620285,0.3011391778107974,0.701152141674459,0.3030376789027991,6852,522,889,304
8,0.24,400,8,5,0.7,None,0.8354149643982725,0.38686131386861317,0.3109807208717519,0.3447955390334573,0.7296195531705494,0.357516670173057,6786,588,822,371
7,0.22,400,12,10,sqrt,None,0.8357651453250846,0.41314935064935066,0.4266554903604359,0.4197938144329897,0.7768399016866993,0.42631161666067097,6651,723,684,509
9,0.22,400,10,5,0.7,None,0.8358818723006887,0.41263330598851516,0.42162615255658004,0.41708126036484244,0.7651610481629232,0.4230966546307482,6658,716,690,503
10,0.21,400,12,5,0.7,None,0.836348780203105,0.42676944639103015,0.5104777870913663,0.4648854961832061,0.7947650736338068,0.4859891768125886,6556,818,584,609
4,0.23,350,8,5,sqrt,None,0.836348780203105,0.38751345532831,0.30176026823134955,0.3393025447690858,0.7274244184103501,0.34396277262272607,6805,569,833,360
1,0.23,250,5,5,sqrt,None,0.8373993229835415,0.3626373626373626,0.22129086336965634,0.27485684539302446,0.6907692713416637,0.28955940203789393,6910,464,929,264
6,0.23,400,10,10,sqrt,None,0.8384498657639781,0.4060963618485742,0.3461860854987427,0.3737556561085973,0.7509609327168631,0.3809993653257669,6770,604,780,413
3,0.24,300,7,5,sqrt,None,0.8390335006419983,0.38403990024937656,0.2581726739312657,0.3087719298245614,0.7131173368926549,0.322083350655765,6880,494,885,308
5,0.24,350,8,10,sqrt,None,0.8397338624956228,0.39311163895486934,0.2774518021793797,0.3253071253071253,0.7230009564426427,0.3371737961841324,6863,511,862,331
4,0.24,350,8,5,sqrt,None,0.8398505894712268,0.39433293978748524,0.2799664710813076,0.32745098039215687,0.7274244184103501,0.34396277262272607,6861,513,859,334
8,0.25,400,8,5,0.7,None,0.840317497373643,0.3993095512082854,0.2908633696563286,0.33656644034917554,0.7296195531705494,0.357516670173057,6852,522,846,347
2,0.24,300,6,5,sqrt,None,0.8410178592272675,0.38472032742155526,0.2363788767812238,0.29283489096573206,0.701152141674459,0.3030376789027991,6923,451,911,282
9,0.23,400,10,5,0.7,None,0.8424185829345162,0.4289592760180995,0.39731768650461025,0.412532637075718,0.7651610481629232,0.4230966546307482,6743,631,719,474
5,0.25,350,8,10,sqrt,None,0.8430022178125365,0.4020618556701031,0.26152556580050296,0.3169121381411884,0.7230009564426427,0.3371737961841324,6910,464,881,312
7,0.23,400,12,10,sqrt,None,0.8434691257149527,0.4326047358834244,0.39815590947191953,0.4146660846791794,0.7768399016866993,0.42631161666067097,6751,623,718,475
8,0.26,400,8,5,0.7,None,0.8441694875685771,0.4116915422885572,0.2774518021793797,0.3314972458688032,0.7296195531705494,0.357516670173057,6901,473,862,331
4,0.25,350,8,5,sqrt,None,0.8447531224465974,0.4106910039113429,0.2640402347024308,0.32142857142857145,0.7274244184103501,0.34396277262272607,6922,452,878,315
1,0.24,250,5,5,sqrt,None,0.8448698494222014,0.3913738019169329,0.20536462699077954,0.26937877954920286,0.6907692713416637,0.28955940203789393,6993,381,948,245
6,0.24,400,10,10,sqrt,None,0.8449865763978055,0.426550598476605,0.32858340318524726,0.3712121212121212,0.7509609327168631,0.3809993653257669,6847,527,801,392
10,0.22,400,12,5,0.7,None,0.8460371191782421,0.4507042253521127,0.48281642917015927,0.4662080129502226,0.7947650736338068,0.4859891768125886,6672,702,617,576
3,0.25,300,7,5,sqrt,None,0.8465040270806583,0.41184971098265893,0.23889354568315171,0.30238726790450926,0.7131173368926549,0.322083350655765,6967,407,908,285
9,0.24,400,10,5,0.7,None,0.8466207540562624,0.4399205561072492,0.37133277451802177,0.4027272727272727,0.7651610481629232,0.4230966546307482,6810,564,750,443
2,0.25,300,6,5,sqrt,None,0.8467374810318664,0.40654205607476634,0.21877619446772842,0.2844686648501362,0.701152141674459,0.3030376789027991,6993,381,932,261
8,0.27,400,8,5,0.7,None,0.8468542080074706,0.41882673942701226,0.2573344509639564,0.31879543094496365,0.7296195531705494,0.357516670173057,6948,426,886,307
6,0.25,400,10,10,sqrt,None,0.8480214777635111,0.4351961950059453,0.3067896060352054,0.35988200589970504,0.7509609327168631,0.3809993653257669,6899,475,827,366
5,0.26,350,8,10,sqrt,None,0.8480214777635111,0.4213564213564214,0.24476110645431684,0.30965005302226933,0.7230009564426427,0.3371737961841324,6973,401,901,292
1,0.25,250,5,5,sqrt,None,0.8480214777635111,0.4014466546112116,0.18608549874266556,0.2542955326460481,0.6907692713416637,0.28955940203789393,7043,331,971,222
7,0.24,400,12,10,sqrt,None,0.8482549317147192,0.446122860020141,0.37133277451802177,0.40530649588289114,0.7768399016866993,0.42631161666067097,6824,550,750,443
4,0.26,350,8,5,sqrt,None,0.8489552935683436,0.42712842712842713,0.24811399832355407,0.3138918345705196,0.7274244184103501,0.34396277262272607,6977,397,897,296
2,0.26,300,6,5,sqrt,None,0.8508229251780086,0.42504409171075835,0.20201173512154233,0.27386363636363636,0.701152141674459,0.3030376789027991,7048,326,952,241
8,0.28,400,8,5,0.7,None,0.8512898330804249,0.43946188340807174,0.24643755238893544,0.3157894736842105,0.7296195531705494,0.357516670173057,6999,375,899,294
3,0.26,300,7,5,sqrt,None,0.8512898330804249,0.43305785123966944,0.2196144174350377,0.2914349276974416,0.7131173368926549,0.322083350655765,7031,343,931,262
1,0.26,250,5,5,sqrt,None,0.8519901949340493,0.4200426439232409,0.16512992455993294,0.23706377858002406,0.6907692713416637,0.28955940203789393,7102,272,996,197
2,0.27,300,6,5,sqrt,None,0.8523403758608614,0.4256198347107438,0.17267393126571667,0.2456768038163387,0.701152141674459,0.3030376789027991,7096,278,987,206
9,0.25,400,10,5,0.7,None,0.8525738298120695,0.46179039301310043,0.35456831517183574,0.4011379800853485,0.7651610481629232,0.4230966546307482,6881,493,770,423
7,0.25,400,12,10,sqrt,None,0.853274191665694,0.4643652561247216,0.3495389773679799,0.3988522238163558,0.7768399016866993,0.42631161666067097,6893,481,776,417
3,0.27,300,7,5,sqrt,None,0.8536243725925061,0.44424131627056673,0.20368818105616093,0.2793103448275862,0.7131173368926549,0.322083350655765,7070,304,950,243
1,0.27,250,5,5,sqrt,None,0.8538578265437142,0.4275184275184275,0.14585079631181894,0.2175,0.6907692713416637,0.28955940203789393,7141,233,1019,174
6,0.26,400,10,10,sqrt,None,0.8540912804949223,0.46225165562913906,0.2925398155909472,0.35831622176591377,0.7509609327168631,0.3809993653257669,6968,406,844,349
5,0.27,350,8,10,sqrt,None,0.8543247344461306,0.45528455284552843,0.2347024308466052,0.30973451327433627,0.7230009564426427,0.3371737961841324,7039,335,913,280
2,0.28,300,6,5,sqrt,None,0.8546749153729427,0.43838862559241704,0.1550712489522213,0.22910216718266255,0.701152141674459,0.3030376789027991,7137,237,1008,185
4,0.27,350,8,5,sqrt,None,0.8547916423485468,0.4586709886547812,0.2372170997485331,0.312707182320442,0.7274244184103501,0.34396277262272607,7040,334,910,283
1,0.28,250,5,5,sqrt,None,0.855375277226567,0.4375,0.134953897736798,0.2062780269058296,0.6907692713416637,0.28955940203789393,7167,207,1032,161
10,0.23,400,12,5,0.7,None,0.8554920042021711,0.48058671268334774,0.46689019279128247,0.4736394557823129,0.7947650736338068,0.4859891768125886,6772,602,636,557
1,0.29,250,5,5,sqrt,None,0.8558421851289834,0.43558282208588955,0.11902766135792121,0.1869651086240948,0.6907692713416637,0.28955940203789393,7190,184,1051,142
5,0.28,350,8,10,sqrt,None,0.8565425469826077,0.466789667896679,0.21207041072925398,0.29164265129683,0.7230009564426427,0.3371737961841324,7085,289,940,253
9,0.26,400,10,5,0.7,None,0.8567760009338158,0.47995283018867924,0.34115674769488685,0.3988241058304753,0.7651610481629232,0.4230966546307482,6933,441,786,407
8,0.29,400,8,5,0.7,None,0.8567760009338158,0.4716666666666667,0.2372170997485331,0.31567205800334636,0.7296195531705494,0.357516670173057,7057,317,910,283
2,0.29,300,6,5,sqrt,None,0.8570094548850239,0.45698924731182794,0.14249790444258173,0.21725239616613418,0.701152141674459,0.3030376789027991,7172,202,1023,170
4,0.28,350,8,5,sqrt,None,0.857242908836232,0.4727272727272727,0.2179379715004191,0.2983362019506598,0.7274244184103501,0.34396277262272607,7084,290,933,260
3,0.28,300,7,5,sqrt,None,0.8574763627874402,0.47107438016528924,0.19111483654652137,0.27191413237924866,0.7131173368926549,0.322083350655765,7118,256,965,228
1,0.3,250,5,5,sqrt,None,0.8575930897630443,0.45018450184501846,0.10226320201173512,0.16666666666666666,0.6907692713416637,0.28955940203789393,7225,149,1071,122
7,0.26,400,12,10,sqrt,None,0.8577098167386483,0.4841463414634146,0.3327745180217938,0.3944361649279682,0.7768399016866993,0.42631161666067097,6951,423,796,397
6,0.27,400,10,10,sqrt,None,0.8580599976654605,0.4831130690161527,0.2757753562447611,0.3511205976520811,0.7509609327168631,0.3809993653257669,7022,352,864,329
2,0.3,300,6,5,sqrt,None,0.8584101785922726,0.46875,0.12573344509639564,0.1982815598149372,0.701152141674459,0.3030376789027991,7204,170,1043,150
5,0.29,350,8,10,sqrt,None,0.8586436325434808,0.4811715481171548,0.19279128248113997,0.27528426092160385,0.7230009564426427,0.3371737961841324,7126,248,963,230
8,0.3,400,8,5,0.7,None,0.8592272674215011,0.488245931283906,0.22632020117351215,0.30927835051546393,0.7296195531705494,0.357516670173057,7091,283,923,270
4,0.29,350,8,5,sqrt,None,0.8593439943971052,0.48775510204081635,0.20033528918692373,0.28401663695781343,0.7274244184103501,0.34396277262272607,7123,251,954,239
10,0.24,400,12,5,0.7,None,0.8594607213727092,0.4948837209302326,0.4459346186085499,0.4691358024691358,0.7947650736338068,0.4859891768125886,6831,543,661,532
2,0.31,300,6,5,sqrt,None,0.8594607213727092,0.48,0.11064543168482817,0.17983651226158037,0.701152141674459,0.3030376789027991,7231,143,1061,132
3,0.29,300,7,5,sqrt,None,0.8596941753239173,0.4894613583138173,0.1751886001676446,0.2580246913580247,0.7131173368926549,0.322083350655765,7156,218,984,209
1,0.31,250,5,5,sqrt,None,0.8599276292751254,0.48372093023255813,0.08717518860016764,0.14772727272727273,0.6907692713416637,0.28955940203789393,7263,111,1089,104
9,0.27,400,10,5,0.7,None,0.8601610832263336,0.49673202614379086,0.31852472757753564,0.3881511746680286,0.7651610481629232,0.4230966546307482,6989,385,813,380
6,0.28,400,10,10,sqrt,None,0.8603945371775418,0.4975124378109453,0.2514668901927913,0.33407572383073497,0.7509609327168631,0.3809993653257669,7071,303,893,300
8,0.31,400,8,5,0.7,None,0.8603945371775418,0.49700598802395207,0.20871751886001677,0.2939787485242031,0.7296195531705494,0.357516670173057,7122,252,944,249
7,0.27,400,12,10,sqrt,None,0.8605112641531458,0.49866310160427807,0.3126571668063705,0.38433797011849563,0.7768399016866993,0.42631161666067097,6999,375,820,373
2,0.32,300,6,5,sqrt,None,0.8606279911287499,0.4978723404255319,0.0980720871751886,0.1638655462184874,0.701152141674459,0.3030376789027991,7256,118,1076,117
7,0.72,400,12,10,sqrt,None,0.8607447181043539,0.0,0.0,0.0,0.7768399016866993,0.42631161666067097,7374,0,1193,0
7,0.73,400,12,10,sqrt,None,0.8607447181043539,0.0,0.0,0.0,0.7768399016866993,0.42631161666067097,7374,0,1193,0
7,0.74,400,12,10,sqrt,None,0.8607447181043539,0.0,0.0,0.0,0.7768399016866993,0.42631161666067097,7374,0,1193,0
7,0.75,400,12,10,sqrt,None,0.8607447181043539,0.0,0.0,0.0,0.7768399016866993,0.42631161666067097,7374,0,1193,0
7,0.76,400,12,10,sqrt,None,0.8607447181043539,0.0,0.0,0.0,0.7768399016866993,0.42631161666067097,7374,0,1193,0
7,0.77,400,12,10,sqrt,None,0.8607447181043539,0.0,0.0,0.0,0.7768399016866993,0.42631161666067097,7374,0,1193,0
7,0.78,400,12,10,sqrt,None,0.8607447181043539,0.0,0.0,0.0,0.7768399016866993,0.42631161666067097,7374,0,1193,0
7,0.79,400,12,10,sqrt,None,0.8607447181043539,0.0,0.0,0.0,0.7768399016866993,0.42631161666067097,7374,0,1193,0
7,0.8,400,12,10,sqrt,None,0.8607447181043539,0.0,0.0,0.0,0.7768399016866993,0.42631161666067097,7374,0,1193,0
7,0.81,400,12,10,sqrt,None,0.8607447181043539,0.0,0.0,0.0,0.7768399016866993,0.42631161666067097,7374,0,1193,0
6,0.67,400,10,10,sqrt,None,0.8607447181043539,0.0,0.0,0.0,0.7509609327168631,0.3809993653257669,7374,0,1193,0
6,0.68,400,10,10,sqrt,None,0.8607447181043539,0.0,0.0,0.0,0.7509609327168631,0.3809993653257669,7374,0,1193,0
6,0.69,400,10,10,sqrt,None,0.8607447181043539,0.0,0.0,0.0,0.7509609327168631,0.3809993653257669,7374,0,1193,0
6,0.7,400,10,10,sqrt,None,0.8607447181043539,0.0,0.0,0.0,0.7509609327168631,0.3809993653257669,7374,0,1193,0
6,0.71,400,10,10,sqrt,None,0.8607447181043539,0.0,0.0,0.0,0.7509609327168631,0.3809993653257669,7374,0,1193,0
6,0.72,400,10,10,sqrt,None,0.8607447181043539,0.0,0.0,0.0,0.7509609327168631,0.3809993653257669,7374,0,1193,0
6,0.73,400,10,10,sqrt,None,0.8607447181043539,0.0,0.0,0.0,0.7509609327168631,0.3809993653257669,7374,0,1193,0
6,0.74,400,10,10,sqrt,None,0.8607447181043539,0.0,0.0,0.0,0.7509609327168631,0.3809993653257669,7374,0,1193,0
6,0.75,400,10,10,sqrt,None,0.8607447181043539,0.0,0.0,0.0,0.7509609327168631,0.3809993653257669,7374,0,1193,0
6,0.76,400,10,10,sqrt,None,0.8607447181043539,0.0,0.0,0.0,0.7509609327168631,0.3809993653257669,7374,0,1193,0
6,0.77,400,10,10,sqrt,None,0.8607447181043539,0.0,0.0,0.0,0.7509609327168631,0.3809993653257669,7374,0,1193,0
6,0.78,400,10,10,sqrt,None,0.8607447181043539,0.0,0.0,0.0,0.7509609327168631,0.3809993653257669,7374,0,1193,0
6,0.79,400,10,10,sqrt,None,0.8607447181043539,0.0,0.0,0.0,0.7509609327168631,0.3809993653257669,7374,0,1193,0
6,0.8,400,10,10,sqrt,None,0.8607447181043539,0.0,0.0,0.0,0.7509609327168631,0.3809993653257669,7374,0,1193,0
6,0.81,400,10,10,sqrt,None,0.8607447181043539,0.0,0.0,0.0,0.7509609327168631,0.3809993653257669,7374,0,1193,0
8,0.73,400,8,5,0.7,None,0.8607447181043539,0.0,0.0,0.0,0.7296195531705494,0.357516670173057,7374,0,1193,0
8,0.74,400,8,5,0.7,None,0.8607447181043539,0.0,0.0,0.0,0.7296195531705494,0.357516670173057,7374,0,1193,0
8,0.75,400,8,5,0.7,None,0.8607447181043539,0.0,0.0,0.0,0.7296195531705494,0.357516670173057,7374,0,1193,0
8,0.76,400,8,5,0.7,None,0.8607447181043539,0.0,0.0,0.0,0.7296195531705494,0.357516670173057,7374,0,1193,0
8,0.77,400,8,5,0.7,None,0.8607447181043539,0.0,0.0,0.0,0.7296195531705494,0.357516670173057,7374,0,1193,0
8,0.78,400,8,5,0.7,None,0.8607447181043539,0.0,0.0,0.0,0.7296195531705494,0.357516670173057,7374,0,1193,0
8,0.79,400,8,5,0.7,None,0.8607447181043539,0.0,0.0,0.0,0.7296195531705494,0.357516670173057,7374,0,1193,0
8,0.8,400,8,5,0.7,None,0.8607447181043539,0.0,0.0,0.0,0.7296195531705494,0.357516670173057,7374,0,1193,0
8,0.81,400,8,5,0.7,None,0.8607447181043539,0.0,0.0,0.0,0.7296195531705494,0.357516670173057,7374,0,1193,0
4,0.62,350,8,5,sqrt,None,0.8607447181043539,0.0,0.0,0.0,0.7274244184103501,0.34396277262272607,7374,0,1193,0
4,0.63,350,8,5,sqrt,None,0.8607447181043539,0.0,0.0,0.0,0.7274244184103501,0.34396277262272607,7374,0,1193,0
4,0.64,350,8,5,sqrt,None,0.8607447181043539,0.0,0.0,0.0,0.7274244184103501,0.34396277262272607,7374,0,1193,0
4,0.65,350,8,5,sqrt,None,0.8607447181043539,0.0,0.0,0.0,0.7274244184103501,0.34396277262272607,7374,0,1193,0
4,0.66,350,8,5,sqrt,None,0.8607447181043539,0.0,0.0,0.0,0.7274244184103501,0.34396277262272607,7374,0,1193,0
4,0.67,350,8,5,sqrt,None,0.8607447181043539,0.0,0.0,0.0,0.7274244184103501,0.34396277262272607,7374,0,1193,0
4,0.68,350,8,5,sqrt,None,0.8607447181043539,0.0,0.0,0.0,0.7274244184103501,0.34396277262272607,7374,0,1193,0
4,0.69,350,8,5,sqrt,None,0.8607447181043539,0.0,0.0,0.0,0.7274244184103501,0.34396277262272607,7374,0,1193,0
4,0.7,350,8,5,sqrt,None,0.8607447181043539,0.0,0.0,0.0,0.7274244184103501,0.34396277262272607,7374,0,1193,0
4,0.71,350,8,5,sqrt,None,0.8607447181043539,0.0,0.0,0.0,0.7274244184103501,0.34396277262272607,7374,0,1193,0
4,0.72,350,8,5,sqrt,None,0.8607447181043539,0.0,0.0,0.0,0.7274244184103501,0.34396277262272607,7374,0,1193,0
4,0.73,350,8,5,sqrt,None,0.8607447181043539,0.0,0.0,0.0,0.7274244184103501,0.34396277262272607,7374,0,1193,0
4,0.74,350,8,5,sqrt,None,0.8607447181043539,0.0,0.0,0.0,0.7274244184103501,0.34396277262272607,7374,0,1193,0
4,0.75,350,8,5,sqrt,None,0.8607447181043539,0.0,0.0,0.0,0.7274244184103501,0.34396277262272607,7374,0,1193,0
4,0.76,350,8,5,sqrt,None,0.8607447181043539,0.0,0.0,0.0,0.7274244184103501,0.34396277262272607,7374,0,1193,0
4,0.77,350,8,5,sqrt,None,0.8607447181043539,0.0,0.0,0.0,0.7274244184103501,0.34396277262272607,7374,0,1193,0
4,0.78,350,8,5,sqrt,None,0.8607447181043539,0.0,0.0,0.0,0.7274244184103501,0.34396277262272607,7374,0,1193,0
4,0.79,350,8,5,sqrt,None,0.8607447181043539,0.0,0.0,0.0,0.7274244184103501,0.34396277262272607,7374,0,1193,0
4,0.8,350,8,5,sqrt,None,0.8607447181043539,0.0,0.0,0.0,0.7274244184103501,0.34396277262272607,7374,0,1193,0
4,0.81,350,8,5,sqrt,None,0.8607447181043539,0.0,0.0,0.0,0.7274244184103501,0.34396277262272607,7374,0,1193,0
5,0.6,350,8,10,sqrt,None,0.8607447181043539,0.0,0.0,0.0,0.7230009564426427,0.3371737961841324,7374,0,1193,0
5,0.61,350,8,10,sqrt,None,0.8607447181043539,0.0,0.0,0.0,0.7230009564426427,0.3371737961841324,7374,0,1193,0
5,0.62,350,8,10,sqrt,None,0.8607447181043539,0.0,0.0,0.0,0.7230009564426427,0.3371737961841324,7374,0,1193,0
5,0.63,350,8,10,sqrt,None,0.8607447181043539,0.0,0.0,0.0,0.7230009564426427,0.3371737961841324,7374,0,1193,0
5,0.64,350,8,10,sqrt,None,0.8607447181043539,0.0,0.0,0.0,0.7230009564426427,0.3371737961841324,7374,0,1193,0
5,0.65,350,8,10,sqrt,None,0.8607447181043539,0.0,0.0,0.0,0.7230009564426427,0.3371737961841324,7374,0,1193,0
5,0.66,350,8,10,sqrt,None,0.8607447181043539,0.0,0.0,0.0,0.7230009564426427,0.3371737961841324,7374,0,1193,0
5,0.67,350,8,10,sqrt,None,0.8607447181043539,0.0,0.0,0.0,0.7230009564426427,0.3371737961841324,7374,0,1193,0
5,0.68,350,8,10,sqrt,None,0.8607447181043539,0.0,0.0,0.0,0.7230009564426427,0.3371737961841324,7374,0,1193,0
5,0.69,350,8,10,sqrt,None,0.8607447181043539,0.0,0.0,0.0,0.7230009564426427,0.3371737961841324,7374,0,1193,0
5,0.7,350,8,10,sqrt,None,0.8607447181043539,0.0,0.0,0.0,0.7230009564426427,0.3371737961841324,7374,0,1193,0
5,0.71,350,8,10,sqrt,None,0.8607447181043539,0.0,0.0,0.0,0.7230009564426427,0.3371737961841324,7374,0,1193,0
5,0.72,350,8,10,sqrt,None,0.8607447181043539,0.0,0.0,0.0,0.7230009564426427,0.3371737961841324,7374,0,1193,0
5,0.73,350,8,10,sqrt,None,0.8607447181043539,0.0,0.0,0.0,0.7230009564426427,0.3371737961841324,7374,0,1193,0
5,0.74,350,8,10,sqrt,None,0.8607447181043539,0.0,0.0,0.0,0.7230009564426427,0.3371737961841324,7374,0,1193,0
5,0.75,350,8,10,sqrt,None,0.8607447181043539,0.0,0.0,0.0,0.7230009564426427,0.3371737961841324,7374,0,1193,0
5,0.76,350,8,10,sqrt,None,0.8607447181043539,0.0,0.0,0.0,0.7230009564426427,0.3371737961841324,7374,0,1193,0
5,0.77,350,8,10,sqrt,None,0.8607447181043539,0.0,0.0,0.0,0.7230009564426427,0.3371737961841324,7374,0,1193,0
5,0.78,350,8,10,sqrt,None,0.8607447181043539,0.0,0.0,0.0,0.7230009564426427,0.3371737961841324,7374,0,1193,0
5,0.79,350,8,10,sqrt,None,0.8607447181043539,0.0,0.0,0.0,0.7230009564426427,0.3371737961841324,7374,0,1193,0
5,0.8,350,8,10,sqrt,None,0.8607447181043539,0.0,0.0,0.0,0.7230009564426427,0.3371737961841324,7374,0,1193,0
5,0.81,350,8,10,sqrt,None,0.8607447181043539,0.0,0.0,0.0,0.7230009564426427,0.3371737961841324,7374,0,1193,0
3,0.57,300,7,5,sqrt,None,0.8607447181043539,0.0,0.0,0.0,0.7131173368926549,0.322083350655765,7374,0,1193,0
3,0.58,300,7,5,sqrt,None,0.8607447181043539,0.0,0.0,0.0,0.7131173368926549,0.322083350655765,7374,0,1193,0
3,0.59,300,7,5,sqrt,None,0.8607447181043539,0.0,0.0,0.0,0.7131173368926549,0.322083350655765,7374,0,1193,0
3,0.6,300,7,5,sqrt,None,0.8607447181043539,0.0,0.0,0.0,0.7131173368926549,0.322083350655765,7374,0,1193,0
3,0.61,300,7,5,sqrt,None,0.8607447181043539,0.0,0.0,0.0,0.7131173368926549,0.322083350655765,7374,0,1193,0
3,0.62,300,7,5,sqrt,None,0.8607447181043539,0.0,0.0,0.0,0.7131173368926549,0.322083350655765,7374,0,1193,0
3,0.63,300,7,5,sqrt,None,0.8607447181043539,0.0,0.0,0.0,0.7131173368926549,0.322083350655765,7374,0,1193,0
3,0.64,300,7,5,sqrt,None,0.8607447181043539,0.0,0.0,0.0,0.7131173368926549,0.322083350655765,7374,0,1193,0
3,0.65,300,7,5,sqrt,None,0.8607447181043539,0.0,0.0,0.0,0.7131173368926549,0.322083350655765,7374,0,1193,0
3,0.66,300,7,5,sqrt,None,0.8607447181043539,0.0,0.0,0.0,0.7131173368926549,0.322083350655765,7374,0,1193,0
3,0.67,300,7,5,sqrt,None,0.8607447181043539,0.0,0.0,0.0,0.7131173368926549,0.322083350655765,7374,0,1193,0
3,0.68,300,7,5,sqrt,None,0.8607447181043539,0.0,0.0,0.0,0.7131173368926549,0.322083350655765,7374,0,1193,0
3,0.69,300,7,5,sqrt,None,0.8607447181043539,0.0,0.0,0.0,0.7131173368926549,0.322083350655765,7374,0,1193,0
3,0.7,300,7,5,sqrt,None,0.8607447181043539,0.0,0.0,0.0,0.7131173368926549,0.322083350655765,7374,0,1193,0
3,0.71,300,7,5,sqrt,None,0.8607447181043539,0.0,0.0,0.0,0.7131173368926549,0.322083350655765,7374,0,1193,0
3,0.72,300,7,5,sqrt,None,0.8607447181043539,0.0,0.0,0.0,0.7131173368926549,0.322083350655765,7374,0,1193,0
3,0.73,300,7,5,sqrt,None,0.8607447181043539,0.0,0.0,0.0,0.7131173368926549,0.322083350655765,7374,0,1193,0
3,0.74,300,7,5,sqrt,None,0.8607447181043539,0.0,0.0,0.0,0.7131173368926549,0.322083350655765,7374,0,1193,0
3,0.75,300,7,5,sqrt,None,0.8607447181043539,0.0,0.0,0.0,0.7131173368926549,0.322083350655765,7374,0,1193,0
3,0.76,300,7,5,sqrt,None,0.8607447181043539,0.0,0.0,0.0,0.7131173368926549,0.322083350655765,7374,0,1193,0
3,0.77,300,7,5,sqrt,None,0.8607447181043539,0.0,0.0,0.0,0.7131173368926549,0.322083350655765,7374,0,1193,0
3,0.78,300,7,5,sqrt,None,0.8607447181043539,0.0,0.0,0.0,0.7131173368926549,0.322083350655765,7374,0,1193,0
3,0.79,300,7,5,sqrt,None,0.8607447181043539,0.0,0.0,0.0,0.7131173368926549,0.322083350655765,7374,0,1193,0
3,0.8,300,7,5,sqrt,None,0.8607447181043539,0.0,0.0,0.0,0.7131173368926549,0.322083350655765,7374,0,1193,0
3,0.81,300,7,5,sqrt,None,0.8607447181043539,0.0,0.0,0.0,0.7131173368926549,0.322083350655765,7374,0,1193,0
2,0.51,300,6,5,sqrt,None,0.8607447181043539,0.0,0.0,0.0,0.701152141674459,0.3030376789027991,7374,0,1193,0
2,0.52,300,6,5,sqrt,None,0.8607447181043539,0.0,0.0,0.0,0.701152141674459,0.3030376789027991,7374,0,1193,0
2,0.53,300,6,5,sqrt,None,0.8607447181043539,0.0,0.0,0.0,0.701152141674459,0.3030376789027991,7374,0,1193,0
2,0.54,300,6,5,sqrt,None,0.8607447181043539,0.0,0.0,0.0,0.701152141674459,0.3030376789027991,7374,0,1193,0
2,0.55,300,6,5,sqrt,None,0.8607447181043539,0.0,0.0,0.0,0.701152141674459,0.3030376789027991,7374,0,1193,0
2,0.56,300,6,5,sqrt,None,0.8607447181043539,0.0,0.0,0.0,0.701152141674459,0.3030376789027991,7374,0,1193,0
2,0.57,300,6,5,sqrt,None,0.8607447181043539,0.0,0.0,0.0,0.701152141674459,0.3030376789027991,7374,0,1193,0
2,0.58,300,6,5,sqrt,None,0.8607447181043539,0.0,0.0,0.0,0.701152141674459,0.3030376789027991,7374,0,1193,0
2,0.59,300,6,5,sqrt,None,0.8607447181043539,0.0,0.0,0.0,0.701152141674459,0.3030376789027991,7374,0,1193,0
2,0.6,300,6,5,sqrt,None,0.8607447181043539,0.0,0.0,0.0,0.701152141674459,0.3030376789027991,7374,0,1193,0
2,0.61,300,6,5,sqrt,None,0.8607447181043539,0.0,0.0,0.0,0.701152141674459,0.3030376789027991,7374,0,1193,0
2,0.62,300,6,5,sqrt,None,0.8607447181043539,0.0,0.0,0.0,0.701152141674459,0.3030376789027991,7374,0,1193,0
2,0.63,300,6,5,sqrt,None,0.8607447181043539,0.0,0.0,0.0,0.701152141674459,0.3030376789027991,7374,0,1193,0
2,0.64,300,6,5,sqrt,None,0.8607447181043539,0.0,0.0,0.0,0.701152141674459,0.3030376789027991,7374,0,1193,0
2,0.65,300,6,5,sqrt,None,0.8607447181043539,0.0,0.0,0.0,0.701152141674459,0.3030376789027991,7374,0,1193,0
2,0.66,300,6,5,sqrt,None,0.8607447181043539,0.0,0.0,0.0,0.701152141674459,0.3030376789027991,7374,0,1193,0
2,0.67,300,6,5,sqrt,None,0.8607447181043539,0.0,0.0,0.0,0.701152141674459,0.3030376789027991,7374,0,1193,0
2,0.68,300,6,5,sqrt,None,0.8607447181043539,0.0,0.0,0.0,0.701152141674459,0.3030376789027991,7374,0,1193,0
2,0.69,300,6,5,sqrt,None,0.8607447181043539,0.0,0.0,0.0,0.701152141674459,0.3030376789027991,7374,0,1193,0
2,0.7,300,6,5,sqrt,None,0.8607447181043539,0.0,0.0,0.0,0.701152141674459,0.3030376789027991,7374,0,1193,0
2,0.71,300,6,5,sqrt,None,0.8607447181043539,0.0,0.0,0.0,0.701152141674459,0.3030376789027991,7374,0,1193,0
2,0.72,300,6,5,sqrt,None,0.8607447181043539,0.0,0.0,0.0,0.701152141674459,0.3030376789027991,7374,0,1193,0
2,0.73,300,6,5,sqrt,None,0.8607447181043539,0.0,0.0,0.0,0.701152141674459,0.3030376789027991,7374,0,1193,0
2,0.74,300,6,5,sqrt,None,0.8607447181043539,0.0,0.0,0.0,0.701152141674459,0.3030376789027991,7374,0,1193,0
2,0.75,300,6,5,sqrt,None,0.8607447181043539,0.0,0.0,0.0,0.701152141674459,0.3030376789027991,7374,0,1193,0
2,0.76,300,6,5,sqrt,None,0.8607447181043539,0.0,0.0,0.0,0.701152141674459,0.3030376789027991,7374,0,1193,0
2,0.77,300,6,5,sqrt,None,0.8607447181043539,0.0,0.0,0.0,0.701152141674459,0.3030376789027991,7374,0,1193,0
2,0.78,300,6,5,sqrt,None,0.8607447181043539,0.0,0.0,0.0,0.701152141674459,0.3030376789027991,7374,0,1193,0
2,0.79,300,6,5,sqrt,None,0.8607447181043539,0.0,0.0,0.0,0.701152141674459,0.3030376789027991,7374,0,1193,0
2,0.8,300,6,5,sqrt,None,0.8607447181043539,0.0,0.0,0.0,0.701152141674459,0.3030376789027991,7374,0,1193,0
2,0.81,300,6,5,sqrt,None,0.8607447181043539,0.0,0.0,0.0,0.701152141674459,0.3030376789027991,7374,0,1193,0
1,0.46,250,5,5,sqrt,None,0.8607447181043539,0.0,0.0,0.0,0.6907692713416637,0.28955940203789393,7374,0,1193,0
1,0.47,250,5,5,sqrt,None,0.8607447181043539,0.0,0.0,0.0,0.6907692713416637,0.28955940203789393,7374,0,1193,0
1,0.48,250,5,5,sqrt,None,0.8607447181043539,0.0,0.0,0.0,0.6907692713416637,0.28955940203789393,7374,0,1193,0
1,0.49,250,5,5,sqrt,None,0.8607447181043539,0.0,0.0,0.0,0.6907692713416637,0.28955940203789393,7374,0,1193,0
1,0.5,250,5,5,sqrt,None,0.8607447181043539,0.0,0.0,0.0,0.6907692713416637,0.28955940203789393,7374,0,1193,0
1,0.51,250,5,5,sqrt,None,0.8607447181043539,0.0,0.0,0.0,0.6907692713416637,0.28955940203789393,7374,0,1193,0
1,0.52,250,5,5,sqrt,None,0.8607447181043539,0.0,0.0,0.0,0.6907692713416637,0.28955940203789393,7374,0,1193,0
1,0.53,250,5,5,sqrt,None,0.8607447181043539,0.0,0.0,0.0,0.6907692713416637,0.28955940203789393,7374,0,1193,0
1,0.54,250,5,5,sqrt,None,0.8607447181043539,0.0,0.0,0.0,0.6907692713416637,0.28955940203789393,7374,0,1193,0
1,0.55,250,5,5,sqrt,None,0.8607447181043539,0.0,0.0,0.0,0.6907692713416637,0.28955940203789393,7374,0,1193,0
1,0.56,250,5,5,sqrt,None,0.8607447181043539,0.0,0.0,0.0,0.6907692713416637,0.28955940203789393,7374,0,1193,0
1,0.57,250,5,5,sqrt,None,0.8607447181043539,0.0,0.0,0.0,0.6907692713416637,0.28955940203789393,7374,0,1193,0
1,0.58,250,5,5,sqrt,None,0.8607447181043539,0.0,0.0,0.0,0.6907692713416637,0.28955940203789393,7374,0,1193,0
1,0.59,250,5,5,sqrt,None,0.8607447181043539,0.0,0.0,0.0,0.6907692713416637,0.28955940203789393,7374,0,1193,0
1,0.6,250,5,5,sqrt,None,0.8607447181043539,0.0,0.0,0.0,0.6907692713416637,0.28955940203789393,7374,0,1193,0
1,0.61,250,5,5,sqrt,None,0.8607447181043539,0.0,0.0,0.0,0.6907692713416637,0.28955940203789393,7374,0,1193,0
1,0.62,250,5,5,sqrt,None,0.8607447181043539,0.0,0.0,0.0,0.6907692713416637,0.28955940203789393,7374,0,1193,0
1,0.63,250,5,5,sqrt,None,0.8607447181043539,0.0,0.0,0.0,0.6907692713416637,0.28955940203789393,7374,0,1193,0
1,0.64,250,5,5,sqrt,None,0.8607447181043539,0.0,0.0,0.0,0.6907692713416637,0.28955940203789393,7374,0,1193,0
1,0.65,250,5,5,sqrt,None,0.8607447181043539,0.0,0.0,0.0,0.6907692713416637,0.28955940203789393,7374,0,1193,0
1,0.66,250,5,5,sqrt,None,0.8607447181043539,0.0,0.0,0.0,0.6907692713416637,0.28955940203789393,7374,0,1193,0
1,0.67,250,5,5,sqrt,None,0.8607447181043539,0.0,0.0,0.0,0.6907692713416637,0.28955940203789393,7374,0,1193,0
1,0.68,250,5,5,sqrt,None,0.8607447181043539,0.0,0.0,0.0,0.6907692713416637,0.28955940203789393,7374,0,1193,0
1,0.69,250,5,5,sqrt,None,0.8607447181043539,0.0,0.0,0.0,0.6907692713416637,0.28955940203789393,7374,0,1193,0
1,0.7,250,5,5,sqrt,None,0.8607447181043539,0.0,0.0,0.0,0.6907692713416637,0.28955940203789393,7374,0,1193,0
1,0.71,250,5,5,sqrt,None,0.8607447181043539,0.0,0.0,0.0,0.6907692713416637,0.28955940203789393,7374,0,1193,0
1,0.72,250,5,5,sqrt,None,0.8607447181043539,0.0,0.0,0.0,0.6907692713416637,0.28955940203789393,7374,0,1193,0
1,0.73,250,5,5,sqrt,None,0.8607447181043539,0.0,0.0,0.0,0.6907692713416637,0.28955940203789393,7374,0,1193,0
1,0.74,250,5,5,sqrt,None,0.8607447181043539,0.0,0.0,0.0,0.6907692713416637,0.28955940203789393,7374,0,1193,0
1,0.75,250,5,5,sqrt,None,0.8607447181043539,0.0,0.0,0.0,0.6907692713416637,0.28955940203789393,7374,0,1193,0
1,0.76,250,5,5,sqrt,None,0.8607447181043539,0.0,0.0,0.0,0.6907692713416637,0.28955940203789393,7374,0,1193,0
1,0.77,250,5,5,sqrt,None,0.8607447181043539,0.0,0.0,0.0,0.6907692713416637,0.28955940203789393,7374,0,1193,0
1,0.78,250,5,5,sqrt,None,0.8607447181043539,0.0,0.0,0.0,0.6907692713416637,0.28955940203789393,7374,0,1193,0
1,0.79,250,5,5,sqrt,None,0.8607447181043539,0.0,0.0,0.0,0.6907692713416637,0.28955940203789393,7374,0,1193,0
1,0.8,250,5,5,sqrt,None,0.8607447181043539,0.0,0.0,0.0,0.6907692713416637,0.28955940203789393,7374,0,1193,0
1,0.81,250,5,5,sqrt,None,0.8607447181043539,0.0,0.0,0.0,0.6907692713416637,0.28955940203789393,7374,0,1193,0
1,0.32,250,5,5,sqrt,None,0.860861445079958,0.5029940119760479,0.07041072925398156,0.12352941176470589,0.6907692713416637,0.28955940203789393,7291,83,1109,84
2,0.35,300,6,5,sqrt,None,0.860861445079958,0.5034965034965035,0.06035205364626991,0.10778443113772455,0.701152141674459,0.3030376789027991,7303,71,1121,72
7,0.71,400,12,10,sqrt,None,0.860861445079958,1.0,0.0008382229673093043,0.0016750418760469012,0.7768399016866993,0.42631161666067097,7374,0,1192,1
9,0.81,400,10,5,0.7,None,0.860861445079958,1.0,0.0008382229673093043,0.0016750418760469012,0.7651610481629232,0.4230966546307482,7374,0,1192,1
6,0.66,400,10,10,sqrt,None,0.860861445079958,1.0,0.0008382229673093043,0.0016750418760469012,0.7509609327168631,0.3809993653257669,7374,0,1192,1
8,0.71,400,8,5,0.7,None,0.860861445079958,1.0,0.0008382229673093043,0.0016750418760469012,0.7296195531705494,0.357516670173057,7374,0,1192,1
8,0.72,400,8,5,0.7,None,0.860861445079958,1.0,0.0008382229673093043,0.0016750418760469012,0.7296195531705494,0.357516670173057,7374,0,1192,1
3,0.55,300,7,5,sqrt,None,0.860861445079958,1.0,0.0008382229673093043,0.0016750418760469012,0.7131173368926549,0.322083350655765,7374,0,1192,1
3,0.56,300,7,5,sqrt,None,0.860861445079958,1.0,0.0008382229673093043,0.0016750418760469012,0.7131173368926549,0.322083350655765,7374,0,1192,1
2,0.5,300,6,5,sqrt,None,0.860861445079958,1.0,0.0008382229673093043,0.0016750418760469012,0.701152141674459,0.3030376789027991,7374,0,1192,1
1,0.45,250,5,5,sqrt,None,0.860861445079958,1.0,0.0008382229673093043,0.0016750418760469012,0.6907692713416637,0.28955940203789393,7374,0,1192,1
7,0.69,400,12,10,sqrt,None,0.860978172055562,1.0,0.0016764459346186086,0.0033472803347280333,0.7768399016866993,0.42631161666067097,7374,0,1191,2
7,0.7,400,12,10,sqrt,None,0.860978172055562,1.0,0.0016764459346186086,0.0033472803347280333,0.7768399016866993,0.42631161666067097,7374,0,1191,2
6,0.65,400,10,10,sqrt,None,0.860978172055562,1.0,0.0016764459346186086,0.0033472803347280333,0.7509609327168631,0.3809993653257669,7374,0,1191,2
4,0.6,350,8,5,sqrt,None,0.860978172055562,1.0,0.0016764459346186086,0.0033472803347280333,0.7274244184103501,0.34396277262272607,7374,0,1191,2
4,0.61,350,8,5,sqrt,None,0.860978172055562,1.0,0.0016764459346186086,0.0033472803347280333,0.7274244184103501,0.34396277262272607,7374,0,1191,2
3,0.54,300,7,5,sqrt,None,0.860978172055562,1.0,0.0016764459346186086,0.0033472803347280333,0.7131173368926549,0.322083350655765,7374,0,1191,2
1,0.34,250,5,5,sqrt,None,0.8610948990311661,0.512396694214876,0.051969823973176864,0.0943683409436834,0.6907692713416637,0.28955940203789393,7315,59,1131,62
1,0.38,250,5,5,sqrt,None,0.8610948990311661,0.5428571428571428,0.01592623637887678,0.030944625407166124,0.6907692713416637,0.28955940203789393,7358,16,1174,19
9,0.78,400,10,5,0.7,None,0.8610948990311661,1.0,0.002514668901927913,0.005016722408026756,0.7651610481629232,0.4230966546307482,7374,0,1190,3
9,0.79,400,10,5,0.7,None,0.8610948990311661,1.0,0.002514668901927913,0.005016722408026756,0.7651610481629232,0.4230966546307482,7374,0,1190,3
9,0.8,400,10,5,0.7,None,0.8610948990311661,1.0,0.002514668901927913,0.005016722408026756,0.7651610481629232,0.4230966546307482,7374,0,1190,3
8,0.69,400,8,5,0.7,None,0.8610948990311661,1.0,0.002514668901927913,0.005016722408026756,0.7296195531705494,0.357516670173057,7374,0,1190,3
8,0.7,400,8,5,0.7,None,0.8610948990311661,1.0,0.002514668901927913,0.005016722408026756,0.7296195531705494,0.357516670173057,7374,0,1190,3
4,0.58,350,8,5,sqrt,None,0.8610948990311661,1.0,0.002514668901927913,0.005016722408026756,0.7274244184103501,0.34396277262272607,7374,0,1190,3
4,0.59,350,8,5,sqrt,None,0.8610948990311661,1.0,0.002514668901927913,0.005016722408026756,0.7274244184103501,0.34396277262272607,7374,0,1190,3
5,0.59,350,8,10,sqrt,None,0.8610948990311661,1.0,0.002514668901927913,0.005016722408026756,0.7230009564426427,0.3371737961841324,7374,0,1190,3
2,0.49,300,6,5,sqrt,None,0.8610948990311661,1.0,0.002514668901927913,0.005016722408026756,0.701152141674459,0.3030376789027991,7374,0,1190,3
5,0.3,350,8,10,sqrt,None,0.8612116260067701,0.5046296296296297,0.18273260687342832,0.2683076923076923,0.7230009564426427,0.3371737961841324,7160,214,975,218
2,0.33,300,6,5,sqrt,None,0.8612116260067701,0.5103092783505154,0.08298407376362113,0.14275414563806776,0.701152141674459,0.3030376789027991,7279,95,1094,99
1,0.33,250,5,5,sqrt,None,0.8612116260067701,0.5133333333333333,0.06454316848281642,0.114668652271035,0.6907692713416637,0.28955940203789393,7301,73,1116,77
2,0.36,300,6,5,sqrt,None,0.8612116260067701,0.5166666666666667,0.051969823973176864,0.09444021325209444,0.701152141674459,0.3030376789027991,7316,58,1131,62
2,0.37,300,6,5,sqrt,None,0.8612116260067701,0.5204081632653061,0.04274937133277452,0.07900852052672347,0.701152141674459,0.3030376789027991,7327,47,1142,51
1,0.36,250,5,5,sqrt,None,0.8612116260067701,0.532258064516129,0.027661357921207042,0.05258964143426295,0.6907692713416637,0.28955940203789393,7345,29,1160,33
1,0.39,250,5,5,sqrt,None,0.8612116260067701,0.5769230769230769,0.012573344509639563,0.02461033634126333,0.6907692713416637,0.28955940203789393,7363,11,1178,15
10,0.81,400,12,5,0.7,None,0.8612116260067701,1.0,0.003352891869237217,0.006683375104427736,0.7947650736338068,0.4859891768125886,7374,0,1189,4
7,0.68,400,12,10,sqrt,None,0.8612116260067701,1.0,0.003352891869237217,0.006683375104427736,0.7768399016866993,0.42631161666067097,7374,0,1189,4
9,0.76,400,10,5,0.7,None,0.8612116260067701,1.0,0.003352891869237217,0.006683375104427736,0.7651610481629232,0.4230966546307482,7374,0,1189,4
9,0.77,400,10,5,0.7,None,0.8612116260067701,1.0,0.003352891869237217,0.006683375104427736,0.7651610481629232,0.4230966546307482,7374,0,1189,4
6,0.64,400,10,10,sqrt,None,0.8612116260067701,1.0,0.003352891869237217,0.006683375104427736,0.7509609327168631,0.3809993653257669,7374,0,1189,4
5,0.57,350,8,10,sqrt,None,0.8612116260067701,1.0,0.003352891869237217,0.006683375104427736,0.7230009564426427,0.3371737961841324,7374,0,1189,4
5,0.58,350,8,10,sqrt,None,0.8612116260067701,1.0,0.003352891869237217,0.006683375104427736,0.7230009564426427,0.3371737961841324,7374,0,1189,4
3,0.53,300,7,5,sqrt,None,0.8612116260067701,1.0,0.003352891869237217,0.006683375104427736,0.7131173368926549,0.322083350655765,7374,0,1189,4
2,0.48,300,6,5,sqrt,None,0.8612116260067701,1.0,0.003352891869237217,0.006683375104427736,0.701152141674459,0.3030376789027991,7374,0,1189,4
1,0.43,250,5,5,sqrt,None,0.8612116260067701,1.0,0.003352891869237217,0.006683375104427736,0.6907692713416637,0.28955940203789393,7374,0,1189,4
1,0.44,250,5,5,sqrt,None,0.8612116260067701,1.0,0.003352891869237217,0.006683375104427736,0.6907692713416637,0.28955940203789393,7374,0,1189,4
2,0.47,300,6,5,sqrt,None,0.8613283529823742,0.8571428571428571,0.005029337803855826,0.01,0.701152141674459,0.3030376789027991,7373,1,1187,6
9,0.75,400,10,5,0.7,None,0.8613283529823742,1.0,0.004191114836546521,0.008347245409015025,0.7651610481629232,0.4230966546307482,7374,0,1188,5
8,0.68,400,8,5,0.7,None,0.8613283529823742,1.0,0.004191114836546521,0.008347245409015025,0.7296195531705494,0.357516670173057,7374,0,1188,5
4,0.57,350,8,5,sqrt,None,0.8613283529823742,1.0,0.004191114836546521,0.008347245409015025,0.7274244184103501,0.34396277262272607,7374,0,1188,5
9,0.28,400,10,5,0.7,None,0.8614450799579783,0.5043227665706052,0.2933780385582565,0.37095919448860626,0.7651610481629232,0.4230966546307482,7030,344,843,350
1,0.35,250,5,5,sqrt,None,0.8614450799579783,0.53125,0.04274937133277452,0.0791311093871218,0.6907692713416637,0.28955940203789393,7329,45,1142,51
1,0.37,250,5,5,sqrt,None,0.8614450799579783,0.5681818181818182,0.020955574182732608,0.04042037186742118,0.6907692713416637,0.28955940203789393,7355,19,1168,25
2,0.42,300,6,5,sqrt,None,0.8614450799579783,0.6071428571428571,0.014249790444258172,0.027846027846027847,0.701152141674459,0.3030376789027991,7363,11,1176,17
10,0.8,400,12,5,0.7,None,0.8614450799579783,1.0,0.005029337803855826,0.010008340283569641,0.7947650736338068,0.4859891768125886,7374,0,1187,6
9,0.73,400,10,5,0.7,None,0.8614450799579783,1.0,0.005029337803855826,0.010008340283569641,0.7651610481629232,0.4230966546307482,7374,0,1187,6
9,0.74,400,10,5,0.7,None,0.8614450799579783,1.0,0.005029337803855826,0.010008340283569641,0.7651610481629232,0.4230966546307482,7374,0,1187,6
6,0.62,400,10,10,sqrt,None,0.8614450799579783,1.0,0.005029337803855826,0.010008340283569641,0.7509609327168631,0.3809993653257669,7374,0,1187,6
6,0.63,400,10,10,sqrt,None,0.8614450799579783,1.0,0.005029337803855826,0.010008340283569641,0.7509609327168631,0.3809993653257669,7374,0,1187,6
3,0.31,300,7,5,sqrt,None,0.8615618069335823,0.5104477611940299,0.14333612740989102,0.2238219895287958,0.7131173368926549,0.322083350655765,7210,164,1022,171
2,0.41,300,6,5,sqrt,None,0.8615618069335823,0.6060606060606061,0.016764459346186086,0.03262642740619902,0.701152141674459,0.3030376789027991,7361,13,1173,20
7,0.66,400,12,10,sqrt,None,0.8615618069335823,1.0,0.00586756077116513,0.011666666666666667,0.7768399016866993,0.42631161666067097,7374,0,1186,7
7,0.67,400,12,10,sqrt,None,0.8615618069335823,1.0,0.00586756077116513,0.011666666666666667,0.7768399016866993,0.42631161666067097,7374,0,1186,7
9,0.72,400,10,5,0.7,None,0.8615618069335823,1.0,0.00586756077116513,0.011666666666666667,0.7651610481629232,0.4230966546307482,7374,0,1186,7
6,0.61,400,10,10,sqrt,None,0.8615618069335823,1.0,0.00586756077116513,0.011666666666666667,0.7509609327168631,0.3809993653257669,7374,0,1186,7
8,0.67,400,8,5,0.7,None,0.8615618069335823,1.0,0.00586756077116513,0.011666666666666667,0.7296195531705494,0.357516670173057,7374,0,1186,7
4,0.56,350,8,5,sqrt,None,0.8615618069335823,1.0,0.00586756077116513,0.011666666666666667,0.7274244184103501,0.34396277262272607,7374,0,1186,7
5,0.56,350,8,10,sqrt,None,0.8615618069335823,1.0,0.00586756077116513,0.011666666666666667,0.7230009564426427,0.3371737961841324,7374,0,1186,7
3,0.52,300,7,5,sqrt,None,0.8615618069335823,1.0,0.00586756077116513,0.011666666666666667,0.7131173368926549,0.322083350655765,7374,0,1186,7
3,0.3,300,7,5,sqrt,None,0.8616785339091864,0.5106951871657754,0.1601005867560771,0.24377791959157627,0.7131173368926549,0.322083350655765,7191,183,1002,191
2,0.34,300,6,5,sqrt,None,0.8616785339091864,0.524390243902439,0.07208717518860017,0.12675018422991893,0.701152141674459,0.3030376789027991,7296,78,1107,86
3,0.45,300,7,5,sqrt,None,0.8616785339091864,0.6333333333333333,0.01592623637887678,0.03107113654946852,0.7131173368926549,0.322083350655765,7363,11,1174,19
1,0.4,250,5,5,sqrt,None,0.8616785339091864,0.75,0.010058675607711651,0.019851116625310174,0.6907692713416637,0.28955940203789393,7370,4,1181,12
1,0.41,250,5,5,sqrt,None,0.8616785339091864,0.8333333333333334,0.008382229673093043,0.016597510373443983,0.6907692713416637,0.28955940203789393,7372,2,1183,10
2,0.46,300,6,5,sqrt,None,0.8616785339091864,0.9,0.0075440067057837385,0.014962593516209476,0.701152141674459,0.3030376789027991,7373,1,1184,9
7,0.65,400,12,10,sqrt,None,0.8616785339091864,1.0,0.006705783738474434,0.013322231473771857,0.7768399016866993,0.42631161666067097,7374,0,1185,8
6,0.6,400,10,10,sqrt,None,0.8616785339091864,1.0,0.006705783738474434,0.013322231473771857,0.7509609327168631,0.3809993653257669,7374,0,1185,8
8,0.64,400,8,5,0.7,None,0.8616785339091864,1.0,0.006705783738474434,0.013322231473771857,0.7296195531705494,0.357516670173057,7374,0,1185,8
8,0.65,400,8,5,0.7,None,0.8616785339091864,1.0,0.006705783738474434,0.013322231473771857,0.7296195531705494,0.357516670173057,7374,0,1185,8
8,0.66,400,8,5,0.7,None,0.8616785339091864,1.0,0.006705783738474434,0.013322231473771857,0.7296195531705494,0.357516670173057,7374,0,1185,8
4,0.55,350,8,5,sqrt,None,0.8616785339091864,1.0,0.006705783738474434,0.013322231473771857,0.7274244184103501,0.34396277262272607,7374,0,1185,8
5,0.55,350,8,10,sqrt,None,0.8616785339091864,1.0,0.006705783738474434,0.013322231473771857,0.7230009564426427,0.3371737961841324,7374,0,1185,8
3,0.51,300,7,5,sqrt,None,0.8616785339091864,1.0,0.006705783738474434,0.013322231473771857,0.7131173368926549,0.322083350655765,7374,0,1185,8
1,0.42,250,5,5,sqrt,None,0.8616785339091864,1.0,0.006705783738474434,0.013322231473771857,0.6907692713416637,0.28955940203789393,7374,0,1185,8
5,0.44,350,8,10,sqrt,None,0.8617952608847905,0.5652173913043478,0.03269069572506287,0.061806656101426306,0.7230009564426427,0.3371737961841324,7344,30,1154,39
2,0.44,300,6,5,sqrt,None,0.8617952608847905,0.7368421052631579,0.01173512154233026,0.0231023102310231,0.701152141674459,0.3030376789027991,7369,5,1179,14
3,0.5,300,7,5,sqrt,None,0.8617952608847905,0.9090909090909091,0.008382229673093043,0.016611295681063124,0.7131173368926549,0.322083350655765,7373,1,1183,10
10,0.79,400,12,5,0.7,None,0.8617952608847905,1.0,0.0075440067057837385,0.014975041597337771,0.7947650736338068,0.4859891768125886,7374,0,1184,9
7,0.64,400,12,10,sqrt,None,0.8617952608847905,1.0,0.0075440067057837385,0.014975041597337771,0.7768399016866993,0.42631161666067097,7374,0,1184,9
9,0.7,400,10,5,0.7,None,0.8617952608847905,1.0,0.0075440067057837385,0.014975041597337771,0.7651610481629232,0.4230966546307482,7374,0,1184,9
9,0.71,400,10,5,0.7,None,0.8617952608847905,1.0,0.0075440067057837385,0.014975041597337771,0.7651610481629232,0.4230966546307482,7374,0,1184,9
8,0.63,400,8,5,0.7,None,0.8617952608847905,1.0,0.0075440067057837385,0.014975041597337771,0.7296195531705494,0.357516670173057,7374,0,1184,9
2,0.38,300,6,5,sqrt,None,0.8619119878603946,0.5657894736842105,0.03604358759430008,0.0677698975571316,0.701152141674459,0.3030376789027991,7341,33,1150,43
2,0.45,300,6,5,sqrt,None,0.8619119878603946,0.8571428571428571,0.010058675607711651,0.01988400994200497,0.701152141674459,0.3030376789027991,7372,2,1181,12
4,0.53,350,8,5,sqrt,None,0.8619119878603946,0.9166666666666666,0.009220452640402346,0.018257261410788383,0.7274244184103501,0.34396277262272607,7373,1,1182,11
10,0.78,400,12,5,0.7,None,0.8619119878603946,1.0,0.008382229673093043,0.01662510390689942,0.7947650736338068,0.4859891768125886,7374,0,1183,10
7,0.62,400,12,10,sqrt,None,0.8619119878603946,1.0,0.008382229673093043,0.01662510390689942,0.7768399016866993,0.42631161666067097,7374,0,1183,10
7,0.63,400,12,10,sqrt,None,0.8619119878603946,1.0,0.008382229673093043,0.01662510390689942,0.7768399016866993,0.42631161666067097,7374,0,1183,10
4,0.54,350,8,5,sqrt,None,0.8619119878603946,1.0,0.008382229673093043,0.01662510390689942,0.7274244184103501,0.34396277262272607,7374,0,1183,10
2,0.43,300,6,5,sqrt,None,0.8620287148359986,0.7619047619047619,0.013411567476948869,0.026359143327841845,0.701152141674459,0.3030376789027991,7369,5,1177,16
8,0.61,400,8,5,0.7,None,0.8620287148359986,0.9230769230769231,0.010058675607711651,0.01990049751243781,0.7296195531705494,0.357516670173057,7373,1,1181,12
4,0.52,350,8,5,sqrt,None,0.8620287148359986,0.9230769230769231,0.010058675607711651,0.01990049751243781,0.7274244184103501,0.34396277262272607,7373,1,1181,12
3,0.49,300,7,5,sqrt,None,0.8620287148359986,0.9230769230769231,0.010058675607711651,0.01990049751243781,0.7131173368926549,0.322083350655765,7373,1,1181,12
10,0.76,400,12,5,0.7,None,0.8620287148359986,1.0,0.009220452640402346,0.018272425249169437,0.7947650736338068,0.4859891768125886,7374,0,1182,11
10,0.77,400,12,5,0.7,None,0.8620287148359986,1.0,0.009220452640402346,0.018272425249169437,0.7947650736338068,0.4859891768125886,7374,0,1182,11
6,0.59,400,10,10,sqrt,None,0.8620287148359986,1.0,0.009220452640402346,0.018272425249169437,0.7509609327168631,0.3809993653257669,7374,0,1182,11
5,0.54,350,8,10,sqrt,None,0.8620287148359986,1.0,0.009220452640402346,0.018272425249169437,0.7230009564426427,0.3371737961841324,7374,0,1182,11
4,0.3,350,8,5,sqrt,None,0.8621454418116027,0.5138888888888888,0.18608549874266556,0.2732307692307692,0.7274244184103501,0.34396277262272607,7164,210,971,222
3,0.39,300,7,5,sqrt,None,0.8621454418116027,0.5612244897959183,0.04610226320201174,0.08520526723470179,0.7131173368926549,0.322083350655765,7331,43,1138,55
5,0.43,350,8,10,sqrt,None,0.8621454418116027,0.5789473684210527,0.036881810561609385,0.06934594168636722,0.7230009564426427,0.3371737961841324,7342,32,1149,44
8,0.6,400,8,5,0.7,None,0.8621454418116027,0.9285714285714286,0.010896898575020955,0.021541010770505385,0.7296195531705494,0.357516670173057,7373,1,1180,13
9,0.69,400,10,5,0.7,None,0.8621454418116027,1.0,0.010058675607711651,0.01991701244813278,0.7651610481629232,0.4230966546307482,7374,0,1181,12
6,0.57,400,10,10,sqrt,None,0.8621454418116027,1.0,0.010058675607711651,0.01991701244813278,0.7509609327168631,0.3809993653257669,7374,0,1181,12
6,0.58,400,10,10,sqrt,None,0.8621454418116027,1.0,0.010058675607711651,0.01991701244813278,0.7509609327168631,0.3809993653257669,7374,0,1181,12
8,0.62,400,8,5,0.7,None,0.8621454418116027,1.0,0.010058675607711651,0.01991701244813278,0.7296195531705494,0.357516670173057,7374,0,1181,12
5,0.53,350,8,10,sqrt,None,0.8621454418116027,1.0,0.010058675607711651,0.01991701244813278,0.7230009564426427,0.3371737961841324,7374,0,1181,12
5,0.31,350,8,10,sqrt,None,0.8622621687872067,0.5167958656330749,0.16764459346186086,0.25316455696202533,0.7230009564426427,0.3371737961841324,7187,187,993,200
3,0.38,300,7,5,sqrt,None,0.8622621687872067,0.5565217391304348,0.053646269907795474,0.09785932721712538,0.7131173368926549,0.322083350655765,7323,51,1129,64
3,0.46,300,7,5,sqrt,None,0.8622621687872067,0.8421052631578947,0.013411567476948869,0.026402640264026403,0.7131173368926549,0.322083350655765,7371,3,1177,16
8,0.59,400,8,5,0.7,None,0.8622621687872067,0.9333333333333333,0.01173512154233026,0.023178807947019868,0.7296195531705494,0.357516670173057,7373,1,1179,14
3,0.48,300,7,5,sqrt,None,0.8622621687872067,0.9333333333333333,0.01173512154233026,0.023178807947019868,0.7131173368926549,0.322083350655765,7373,1,1179,14
10,0.74,400,12,5,0.7,None,0.8622621687872067,1.0,0.010896898575020955,0.02155887230514096,0.7947650736338068,0.4859891768125886,7374,0,1180,13
10,0.75,400,12,5,0.7,None,0.8622621687872067,1.0,0.010896898575020955,0.02155887230514096,0.7947650736338068,0.4859891768125886,7374,0,1180,13
7,0.61,400,12,10,sqrt,None,0.8622621687872067,1.0,0.010896898575020955,0.02155887230514096,0.7768399016866993,0.42631161666067097,7374,0,1180,13
4,0.43,350,8,5,sqrt,None,0.8623788957628108,0.5945945945945946,0.036881810561609385,0.06945540647198106,0.7274244184103501,0.34396277262272607,7344,30,1149,44
3,0.41,300,7,5,sqrt,None,0.8623788957628108,0.5972222222222222,0.03604358759430008,0.06798418972332015,0.7131173368926549,0.322083350655765,7345,29,1150,43
3,0.42,300,7,5,sqrt,None,0.8623788957628108,0.6129032258064516,0.03185247275775356,0.06055776892430279,0.7131173368926549,0.322083350655765,7350,24,1155,38
3,0.44,300,7,5,sqrt,None,0.8623788957628108,0.6842105263157895,0.02179379715004191,0.04224207961007311,0.7131173368926549,0.322083350655765,7362,12,1167,26
5,0.51,350,8,10,sqrt,None,0.8623788957628108,0.9375,0.012573344509639563,0.02481389578163772,0.7230009564426427,0.3371737961841324,7373,1,1178,15
5,0.52,350,8,10,sqrt,None,0.8623788957628108,0.9375,0.012573344509639563,0.02481389578163772,0.7230009564426427,0.3371737961841324,7373,1,1178,15
3,0.47,300,7,5,sqrt,None,0.8623788957628108,0.9375,0.012573344509639563,0.02481389578163772,0.7131173368926549,0.322083350655765,7373,1,1178,15
7,0.6,400,12,10,sqrt,None,0.8623788957628108,1.0,0.01173512154233026,0.0231980115990058,0.7768399016866993,0.42631161666067097,7374,0,1179,14
9,0.68,400,10,5,0.7,None,0.8623788957628108,1.0,0.01173512154233026,0.0231980115990058,0.7651610481629232,0.4230966546307482,7374,0,1179,14
6,0.56,400,10,10,sqrt,None,0.8623788957628108,1.0,0.01173512154233026,0.0231980115990058,0.7509609327168631,0.3809993653257669,7374,0,1179,14
3,0.35,300,7,5,sqrt,None,0.8624956227384148,0.538860103626943,0.08717518860016764,0.15007215007215008,0.7131173368926549,0.322083350655765,7285,89,1089,104
3,0.4,300,7,5,sqrt,None,0.8624956227384148,0.5882352941176471,0.041911148365465216,0.0782472613458529,0.7131173368926549,0.322083350655765,7339,35,1143,50
4,0.44,350,8,5,sqrt,None,0.8624956227384148,0.6190476190476191,0.03269069572506287,0.06210191082802548,0.7274244184103501,0.34396277262272607,7350,24,1154,39
2,0.39,300,6,5,sqrt,None,0.8624956227384148,0.6229508196721312,0.03185247275775356,0.06060606060606061,0.701152141674459,0.3030376789027991,7351,23,1155,38
3,0.43,300,7,5,sqrt,None,0.8624956227384148,0.6530612244897959,0.026823134953897737,0.05152979066022544,0.7131173368926549,0.322083350655765,7357,17,1161,32
2,0.4,300,6,5,sqrt,None,0.8624956227384148,0.6530612244897959,0.026823134953897737,0.05152979066022544,0.701152141674459,0.3030376789027991,7357,17,1161,32
8,0.57,400,8,5,0.7,None,0.8624956227384148,0.8947368421052632,0.014249790444258172,0.028052805280528052,0.7296195531705494,0.357516670173057,7372,2,1176,17
8,0.58,400,8,5,0.7,None,0.8624956227384148,0.9411764705882353,0.013411567476948869,0.026446280991735537,0.7296195531705494,0.357516670173057,7373,1,1177,16
4,0.51,350,8,5,sqrt,None,0.8624956227384148,0.9411764705882353,0.013411567476948869,0.026446280991735537,0.7274244184103501,0.34396277262272607,7373,1,1177,16
7,0.59,400,12,10,sqrt,None,0.8624956227384148,1.0,0.012573344509639563,0.024834437086092714,0.7768399016866993,0.42631161666067097,7374,0,1178,15
5,0.42,350,8,10,sqrt,None,0.8626123497140189,0.5930232558139535,0.04274937133277452,0.0797498045347928,0.7230009564426427,0.3371737961841324,7339,35,1142,51
5,0.45,350,8,10,sqrt,None,0.8626123497140189,0.6481481481481481,0.02933780385582565,0.056134723336006415,0.7230009564426427,0.3371737961841324,7355,19,1158,35
5,0.5,350,8,10,sqrt,None,0.8626123497140189,0.9444444444444444,0.014249790444258172,0.028075970272502065,0.7230009564426427,0.3371737961841324,7373,1,1176,17
9,0.66,400,10,5,0.7,None,0.8626123497140189,1.0,0.013411567476948869,0.026468155500413565,0.7651610481629232,0.4230966546307482,7374,0,1177,16
9,0.67,400,10,5,0.7,None,0.8626123497140189,1.0,0.013411567476948869,0.026468155500413565,0.7651610481629232,0.4230966546307482,7374,0,1177,16
6,0.55,400,10,10,sqrt,None,0.8626123497140189,1.0,0.013411567476948869,0.026468155500413565,0.7509609327168631,0.3809993653257669,7374,0,1177,16
3,0.32,300,7,5,sqrt,None,0.862729076689623,0.5298245614035088,0.12657166806370496,0.20433017591339647,0.7131173368926549,0.322083350655765,7240,134,1042,151
4,0.49,350,8,5,sqrt,None,0.862729076689623,0.9473684210526315,0.015088013411567477,0.0297029702970297,0.7274244184103501,0.34396277262272607,7373,1,1175,18
4,0.5,350,8,5,sqrt,None,0.862729076689623,0.9473684210526315,0.015088013411567477,0.0297029702970297,0.7274244184103501,0.34396277262272607,7373,1,1175,18
9,0.65,400,10,5,0.7,None,0.862729076689623,1.0,0.014249790444258172,0.02809917355371901,0.7651610481629232,0.4230966546307482,7374,0,1176,17
6,0.29,400,10,10,sqrt,None,0.862845803665227,0.5165441176470589,0.2355406538139145,0.3235463442717329,0.7509609327168631,0.3809993653257669,7111,263,912,281
3,0.36,300,7,5,sqrt,None,0.862845803665227,0.5548780487804879,0.07627829002514669,0.13411938098747236,0.7131173368926549,0.322083350655765,7301,73,1102,91
5,0.46,350,8,10,sqrt,None,0.862845803665227,0.6875,0.027661357921207042,0.0531829170024174,0.7230009564426427,0.3371737961841324,7359,15,1160,33
5,0.48,350,8,10,sqrt,None,0.862845803665227,0.8214285714285714,0.019279128248113998,0.03767403767403767,0.7230009564426427,0.3371737961841324,7369,5,1170,23
4,0.48,350,8,5,sqrt,None,0.862845803665227,0.8461538461538461,0.018440905280804692,0.03609515996718622,0.7274244184103501,0.34396277262272607,7370,4,1171,22
9,0.64,400,10,5,0.7,None,0.862845803665227,0.95,0.01592623637887678,0.031327287716405604,0.7651610481629232,0.4230966546307482,7373,1,1174,19
7,0.58,400,12,10,sqrt,None,0.862845803665227,1.0,0.015088013411567477,0.02972749793559042,0.7768399016866993,0.42631161666067097,7374,0,1175,18
6,0.53,400,10,10,sqrt,None,0.8629625306408311,0.9523809523809523,0.016764459346186086,0.032948929159802305,0.7509609327168631,0.3809993653257669,7373,1,1173,20
10,0.72,400,12,5,0.7,None,0.8629625306408311,1.0,0.01592623637887678,0.03135313531353135,0.7947650736338068,0.4859891768125886,7374,0,1174,19
10,0.73,400,12,5,0.7,None,0.8629625306408311,1.0,0.01592623637887678,0.03135313531353135,0.7947650736338068,0.4859891768125886,7374,0,1174,19
6,0.54,400,10,10,sqrt,None,0.8629625306408311,1.0,0.01592623637887678,0.03135313531353135,0.7509609327168631,0.3809993653257669,7374,0,1174,19
4,0.31,350,8,5,sqrt,None,0.8630792576164351,0.5256410256410257,0.17183570829840739,0.25900189513581806,0.7274244184103501,0.34396277262272607,7189,185,988,205
5,0.47,350,8,10,sqrt,None,0.8630792576164351,0.7631578947368421,0.024308466051969825,0.047116165718927704,0.7230009564426427,0.3371737961841324,7365,9,1164,29
7,0.57,400,12,10,sqrt,None,0.8630792576164351,1.0,0.016764459346186086,0.03297609233305853,0.7768399016866993,0.42631161666067097,7374,0,1173,20
5,0.32,350,8,10,sqrt,None,0.8631959845920392,0.5309734513274337,0.15088013411567477,0.2349869451697128,0.7230009564426427,0.3371737961841324,7215,159,1013,180
3,0.33,300,7,5,sqrt,None,0.8631959845920392,0.541501976284585,0.11483654652137469,0.18948824343015214,0.7131173368926549,0.322083350655765,7258,116,1056,137
4,0.45,350,8,5,sqrt,None,0.8631959845920392,0.7058823529411765,0.030176026823134954,0.05787781350482315,0.7274244184103501,0.34396277262272607,7359,15,1157,36
8,0.56,400,8,5,0.7,None,0.8631959845920392,0.8888888888888888,0.020117351215423303,0.03934426229508197,0.7296195531705494,0.357516670173057,7371,3,1169,24
5,0.49,350,8,10,sqrt,None,0.8631959845920392,0.92,0.019279128248113998,0.03776683087027915,0.7230009564426427,0.3371737961841324,7372,2,1170,23
6,0.52,400,10,10,sqrt,None,0.8631959845920392,0.9565217391304348,0.018440905280804692,0.03618421052631579,0.7509609327168631,0.3809993653257669,7373,1,1171,22
10,0.71,400,12,5,0.7,None,0.8631959845920392,1.0,0.01760268231349539,0.03459637561779242,0.7947650736338068,0.4859891768125886,7374,0,1172,21
9,0.63,400,10,5,0.7,None,0.8633127115676433,0.9583333333333334,0.019279128248113998,0.03779786359901397,0.7651610481629232,0.4230966546307482,7373,1,1170,23
3,0.34,300,7,5,sqrt,None,0.8634294385432474,0.5529953917050692,0.10058675607711651,0.1702127659574468,0.7131173368926549,0.322083350655765,7277,97,1073,120
4,0.42,350,8,5,sqrt,None,0.8634294385432474,0.6292134831460674,0.04694048616932104,0.0873634945397816,0.7274244184103501,0.34396277262272607,7341,33,1137,56
4,0.47,350,8,5,sqrt,None,0.8634294385432474,0.8484848484848485,0.02347024308466052,0.04567699836867863,0.7274244184103501,0.34396277262272607,7369,5,1165,28
9,0.62,400,10,5,0.7,None,0.8634294385432474,0.9259259259259259,0.020955574182732608,0.040983606557377046,0.7651610481629232,0.4230966546307482,7372,2,1168,25
10,0.7,400,12,5,0.7,None,0.8634294385432474,1.0,0.019279128248113998,0.03782894736842105,0.7947650736338068,0.4859891768125886,7374,0,1170,23
7,0.56,400,12,10,sqrt,None,0.8634294385432474,1.0,0.019279128248113998,0.03782894736842105,0.7768399016866993,0.42631161666067097,7374,0,1170,23
8,0.32,400,8,5,0.7,None,0.8635461655188514,0.526431718061674,0.20033528918692373,0.29022465088038857,0.7296195531705494,0.357516670173057,7159,215,954,239
8,0.55,400,8,5,0.7,None,0.8635461655188514,0.875,0.02347024308466052,0.045714285714285714,0.7296195531705494,0.357516670173057,7370,4,1165,28
9,0.61,400,10,5,0.7,None,0.8635461655188514,0.9285714285714286,0.02179379715004191,0.042588042588042586,0.7651610481629232,0.4230966546307482,7372,2,1167,26
10,0.25,400,12,5,0.7,None,0.8636628924944555,0.5127161749745677,0.4224643755238894,0.4632352941176471,0.7947650736338068,0.4859891768125886,6895,479,689,504
3,0.37,300,7,5,sqrt,None,0.8636628924944555,0.5850340136054422,0.07208717518860017,0.12835820895522387,0.7131173368926549,0.322083350655765,7313,61,1107,86
6,0.51,400,10,10,sqrt,None,0.8636628924944555,0.9032258064516129,0.02347024308466052,0.0457516339869281,0.7509609327168631,0.3809993653257669,7371,3,1165,28
5,0.34,350,8,10,sqrt,None,0.8637796194700595,0.5503875968992248,0.11902766135792121,0.19572708476912473,0.7230009564426427,0.3371737961841324,7258,116,1051,142
4,0.46,350,8,5,sqrt,None,0.8637796194700595,0.825,0.027661357921207042,0.0535279805352798,0.7274244184103501,0.34396277262272607,7367,7,1160,33
10,0.69,400,12,5,0.7,None,0.8637796194700595,1.0,0.02179379715004191,0.04265791632485644,0.7947650736338068,0.4859891768125886,7374,0,1167,26
5,0.4,350,8,10,sqrt,None,0.8638963464456636,0.6153846153846154,0.06035205364626991,0.1099236641221374,0.7230009564426427,0.3371737961841324,7329,45,1121,72
6,0.48,400,10,10,sqrt,None,0.8638963464456636,0.7755102040816326,0.03185247275775356,0.061191626409017714,0.7509609327168631,0.3809993653257669,7363,11,1155,38
5,0.41,350,8,10,sqrt,None,0.8640130734212677,0.6320754716981132,0.056160938809723386,0.1031562740569669,0.7230009564426427,0.3371737961841324,7335,39,1126,67
4,0.41,350,8,5,sqrt,None,0.8640130734212677,0.6372549019607843,0.054484492875104776,0.10038610038610038,0.7274244184103501,0.34396277262272607,7337,37,1128,65
7,0.55,400,12,10,sqrt,None,0.8640130734212677,0.9666666666666667,0.024308466051969825,0.047424366312346686,0.7768399016866993,0.42631161666067097,7373,1,1164,29
10,0.68,400,12,5,0.7,None,0.8640130734212677,1.0,0.02347024308466052,0.04586404586404586,0.7947650736338068,0.4859891768125886,7374,0,1165,28
5,0.35,350,8,10,sqrt,None,0.8641298003968717,0.5622317596566524,0.10980720871751885,0.18373071528751753,0.7230009564426427,0.3371737961841324,7272,102,1062,131
5,0.36,350,8,10,sqrt,None,0.8641298003968717,0.569377990430622,0.0997485331098072,0.16975748930099857,0.7230009564426427,0.3371737961841324,7284,90,1074,119
5,0.39,350,8,10,sqrt,None,0.8641298003968717,0.6058394160583942,0.06957250628667226,0.12481203007518797,0.7230009564426427,0.3371737961841324,7320,54,1110,83
6,0.49,400,10,10,sqrt,None,0.8641298003968717,0.8372093023255814,0.030176026823134954,0.05825242718446602,0.7509609327168631,0.3809993653257669,7367,7,1157,36
7,0.54,400,12,10,sqrt,None,0.8641298003968717,0.8918918918918919,0.027661357921207042,0.05365853658536585,0.7768399016866993,0.42631161666067097,7370,4,1160,33
6,0.5,400,10,10,sqrt,None,0.8641298003968717,0.8918918918918919,0.027661357921207042,0.05365853658536585,0.7509609327168631,0.3809993653257669,7370,4,1160,33
10,0.66,400,12,5,0.7,None,0.8641298003968717,0.967741935483871,0.025146689019279127,0.049019607843137254,0.7947650736338068,0.4859891768125886,7373,1,1163,30
7,0.28,400,12,10,sqrt,None,0.8642465273724758,0.522189349112426,0.2958927074601844,0.37774210807918673,0.7768399016866993,0.42631161666067097,7051,323,840,353
6,0.3,400,10,10,sqrt,None,0.8642465273724758,0.5317796610169492,0.21039396479463537,0.3015015015015015,0.7509609327168631,0.3809993653257669,7153,221,942,251
4,0.32,350,8,5,sqrt,None,0.8642465273724758,0.5428571428571428,0.15926236378876782,0.24627349319507452,0.7274244184103501,0.34396277262272607,7214,160,1003,190
4,0.35,350,8,5,sqrt,None,0.8642465273724758,0.5625,0.11316010058675607,0.1884159106769016,0.7274244184103501,0.34396277262272607,7269,105,1058,135
10,0.67,400,12,5,0.7,None,0.8642465273724758,1.0,0.025146689019279127,0.04905968928863451,0.7947650736338068,0.4859891768125886,7374,0,1163,30
5,0.33,350,8,10,sqrt,None,0.8643632543480798,0.5511551155115512,0.1399832355406538,0.2232620320855615,0.7230009564426427,0.3371737961841324,7238,136,1026,167
4,0.34,350,8,5,sqrt,None,0.8643632543480798,0.5567765567765568,0.12740989103101424,0.2073669849931787,0.7274244184103501,0.34396277262272607,7253,121,1041,152
4,0.36,350,8,5,sqrt,None,0.8644799813236839,0.5740740740740741,0.10393964794635373,0.1760113555713272,0.7274244184103501,0.34396277262272607,7282,92,1069,124
4,0.4,350,8,5,sqrt,None,0.8644799813236839,0.626984126984127,0.06621961441743504,0.1197877179681577,0.7274244184103501,0.34396277262272607,7327,47,1114,79
6,0.47,400,10,10,sqrt,None,0.8644799813236839,0.75,0.040234702430846606,0.07637231503579953,0.7509609327168631,0.3809993653257669,7358,16,1145,48
7,0.53,400,12,10,sqrt,None,0.8645967082992879,0.9024390243902439,0.03101424979044426,0.059967585089141004,0.7768399016866993,0.42631161666067097,7370,4,1156,37
8,0.54,400,8,5,0.7,None,0.8645967082992879,0.9024390243902439,0.03101424979044426,0.059967585089141004,0.7296195531705494,0.357516670173057,7370,4,1156,37
9,0.6,400,10,5,0.7,None,0.8645967082992879,0.9459459459459459,0.02933780385582565,0.056910569105691054,0.7651610481629232,0.4230966546307482,7372,2,1158,35
6,0.31,400,10,10,sqrt,None,0.864713435274892,0.5391705069124424,0.1961441743503772,0.2876459741856177,0.7509609327168631,0.3809993653257669,7174,200,959,234
10,0.65,400,12,5,0.7,None,0.864713435274892,0.9722222222222222,0.02933780385582565,0.05695687550854353,0.7947650736338068,0.4859891768125886,7373,1,1158,35
6,0.46,400,10,10,sqrt,None,0.8648301622504961,0.7397260273972602,0.04526404023470243,0.08530805687203792,0.7509609327168631,0.3809993653257669,7355,19,1139,54
8,0.53,400,8,5,0.7,None,0.8648301622504961,0.8888888888888888,0.03352891869237217,0.06462035541195477,0.7296195531705494,0.357516670173057,7369,5,1153,40
10,0.64,400,12,5,0.7,None,0.8648301622504961,0.9487179487179487,0.03101424979044426,0.060064935064935064,0.7947650736338068,0.4859891768125886,7372,2,1156,37
5,0.37,350,8,10,sqrt,None,0.8649468892261002,0.5978260869565217,0.09220452640402348,0.15976761074800291,0.7230009564426427,0.3371737961841324,7300,74,1083,110
4,0.38,350,8,5,sqrt,None,0.8649468892261002,0.6111111111111112,0.08298407376362113,0.14612546125461254,0.7274244184103501,0.34396277262272607,7311,63,1094,99
4,0.39,350,8,5,sqrt,None,0.8649468892261002,0.6232876712328768,0.07627829002514669,0.13592233009708737,0.7274244184103501,0.34396277262272607,7319,55,1102,91
8,0.5,400,8,5,0.7,None,0.8649468892261002,0.7571428571428571,0.04442581726739313,0.08392715756136183,0.7296195531705494,0.357516670173057,7357,17,1140,53
8,0.52,400,8,5,0.7,None,0.8649468892261002,0.86,0.03604358759430008,0.06918744971842317,0.7296195531705494,0.357516670173057,7367,7,1150,43
7,0.52,400,12,10,sqrt,None,0.8649468892261002,0.8913043478260869,0.03436714165968147,0.06618240516545601,0.7768399016866993,0.42631161666067097,7369,5,1152,41
10,0.63,400,12,5,0.7,None,0.8649468892261002,0.95,0.03185247275775356,0.06163828061638281,0.7947650736338068,0.4859891768125886,7372,2,1155,38
6,0.44,400,10,10,sqrt,None,0.8650636162017042,0.6796116504854369,0.0586756077116513,0.10802469135802469,0.7509609327168631,0.3809993653257669,7341,33,1123,70
7,0.51,400,12,10,sqrt,None,0.8650636162017042,0.8627450980392157,0.036881810561609385,0.0707395498392283,0.7768399016866993,0.42631161666067097,7367,7,1149,44
8,0.34,400,8,5,0.7,None,0.8651803431773083,0.5492227979274611,0.1777032690695725,0.26852438252058264,0.7296195531705494,0.357516670173057,7200,174,981,212
8,0.35,400,8,5,0.7,None,0.8651803431773083,0.5527777777777778,0.16680637049455155,0.25627817128139085,0.7296195531705494,0.357516670173057,7213,161,994,199
4,0.33,350,8,5,sqrt,None,0.8651803431773083,0.5608974358974359,0.14668901927912825,0.23255813953488372,0.7274244184103501,0.34396277262272607,7237,137,1018,175
4,0.37,350,8,5,sqrt,None,0.8651803431773083,0.5979381443298969,0.0972338642078793,0.167267483777938,0.7274244184103501,0.34396277262272607,7296,78,1077,116
6,0.45,400,10,10,sqrt,None,0.8651803431773083,0.7111111111111111,0.053646269907795474,0.09976617303195635,0.7509609327168631,0.3809993653257669,7348,26,1129,64
8,0.51,400,8,5,0.7,None,0.8651803431773083,0.8275862068965517,0.040234702430846606,0.07673860911270983,0.7296195531705494,0.357516670173057,7364,10,1145,48
9,0.58,400,10,5,0.7,None,0.8651803431773083,0.9318181818181818,0.03436714165968147,0.06628940986257073,0.7651610481629232,0.4230966546307482,7371,3,1152,41
9,0.59,400,10,5,0.7,None,0.8651803431773083,0.9523809523809523,0.03352891869237217,0.06477732793522267,0.7651610481629232,0.4230966546307482,7372,2,1153,40
9,0.29,400,10,5,0.7,None,0.8652970701529124,0.531502423263328,0.2757753562447611,0.3631346578366446,0.7651610481629232,0.4230966546307482,7084,290,864,329
8,0.49,400,8,5,0.7,None,0.8652970701529124,0.7468354430379747,0.04945515507124895,0.09276729559748427,0.7296195531705494,0.357516670173057,7354,20,1134,59
8,0.33,400,8,5,0.7,None,0.8654137971285164,0.5483091787439613,0.19027661357921208,0.28251400124455506,0.7296195531705494,0.357516670173057,7187,187,966,227
5,0.38,350,8,10,sqrt,None,0.8654137971285164,0.625,0.08382229673093043,0.14781966001478197,0.7230009564426427,0.3371737961841324,7314,60,1093,100
7,0.5,400,12,10,sqrt,None,0.8654137971285164,0.8448275862068966,0.04107292539815591,0.07833733013589128,0.7768399016866993,0.42631161666067097,7365,9,1144,49
9,0.57,400,10,5,0.7,None,0.8654137971285164,0.9,0.037720033528918694,0.07240547063555913,0.7651610481629232,0.4230966546307482,7369,5,1148,45
10,0.62,400,12,5,0.7,None,0.8654137971285164,0.9545454545454546,0.03520536462699078,0.06790622473726758,0.7947650736338068,0.4859891768125886,7372,2,1151,42
6,0.43,400,10,10,sqrt,None,0.8655305241041205,0.6814159292035398,0.06454316848281642,0.11791730474732007,0.7509609327168631,0.3809993653257669,7338,36,1116,77
10,0.61,400,12,5,0.7,None,0.8655305241041205,0.9361702127659575,0.036881810561609385,0.07096774193548387,0.7947650736338068,0.4859891768125886,7371,3,1149,44
8,0.47,400,8,5,0.7,None,0.8656472510797245,0.6875,0.06454316848281642,0.11800766283524904,0.7296195531705494,0.357516670173057,7339,35,1116,77
8,0.48,400,8,5,0.7,None,0.8656472510797245,0.7142857142857143,0.0586756077116513,0.10844306738962045,0.7296195531705494,0.357516670173057,7346,28,1123,70
8,0.36,400,8,5,0.7,None,0.8657639780553286,0.5657492354740061,0.1550712489522213,0.24342105263157895,0.7296195531705494,0.357516670173057,7232,142,1008,185
8,0.46,400,8,5,0.7,None,0.8657639780553286,0.6747967479674797,0.06957250628667226,0.12613981762917933,0.7296195531705494,0.357516670173057,7334,40,1110,83
6,0.42,400,10,10,sqrt,None,0.8661141589821407,0.676923076923077,0.07376362112321877,0.1330309901738473,0.7509609327168631,0.3809993653257669,7332,42,1105,88
8,0.45,400,8,5,0.7,None,0.8662308859577449,0.6715328467153284,0.07711651299245599,0.13834586466165413,0.7296195531705494,0.357516670173057,7329,45,1101,92
9,0.56,400,10,5,0.7,None,0.8662308859577449,0.8983050847457628,0.04442581726739313,0.08466453674121406,0.7651610481629232,0.4230966546307482,7368,6,1140,53
7,0.49,400,12,10,sqrt,None,0.8663476129333489,0.8529411764705882,0.04861693210393965,0.09199048374306107,0.7768399016866993,0.42631161666067097,7364,10,1135,58
10,0.6,400,12,5,0.7,None,0.8663476129333489,0.9285714285714286,0.04358759430008382,0.08326661329063251,0.7947650736338068,0.4859891768125886,7370,4,1141,52
6,0.32,400,10,10,sqrt,None,0.866464339908953,0.5633074935400517,0.18273260687342832,0.2759493670886076,0.7509609327168631,0.3809993653257669,7205,169,975,218
8,0.37,400,8,5,0.7,None,0.866464339908953,0.584192439862543,0.14249790444258173,0.22911051212938005,0.7296195531705494,0.357516670173057,7253,121,1023,170
8,0.42,400,8,5,0.7,None,0.866464339908953,0.6432748538011696,0.09220452640402348,0.16129032258064516,0.7296195531705494,0.357516670173057,7313,61,1083,110
8,0.43,400,8,5,0.7,None,0.866464339908953,0.6484848484848484,0.08968985750209556,0.15758468335787923,0.7296195531705494,0.357516670173057,7316,58,1086,107
8,0.44,400,8,5,0.7,None,0.866464339908953,0.6689655172413793,0.08130762782900251,0.14499252615844543,0.7296195531705494,0.357516670173057,7326,48,1096,97
7,0.48,400,12,10,sqrt,None,0.866464339908953,0.8024691358024691,0.054484492875104776,0.10204081632653061,0.7768399016866993,0.42631161666067097,7358,16,1128,65
8,0.38,400,8,5,0.7,None,0.866581066884557,0.5932835820895522,0.13327745180217937,0.21765913757700206,0.7296195531705494,0.357516670173057,7265,109,1034,159
8,0.4,400,8,5,0.7,None,0.8666977938601611,0.6164383561643836,0.11316010058675607,0.19121813031161472,0.7296195531705494,0.357516670173057,7290,84,1058,135
9,0.54,400,10,5,0.7,None,0.8666977938601611,0.8805970149253731,0.04945515507124895,0.09365079365079365,0.7651610481629232,0.4230966546307482,7366,8,1134,59
6,0.33,400,10,10,sqrt,None,0.8668145208357652,0.5722222222222222,0.17267393126571667,0.2652929813264649,0.7509609327168631,0.3809993653257669,7220,154,987,206
6,0.35,400,10,10,sqrt,None,0.8668145208357652,0.5866666666666667,0.14752724224643754,0.23576691225720026,0.7509609327168631,0.3809993653257669,7250,124,1017,176
8,0.39,400,8,5,0.7,None,0.8668145208357652,0.6074380165289256,0.12321877619446772,0.2048780487804878,0.7296195531705494,0.357516670173057,7279,95,1046,147
6,0.41,400,10,10,sqrt,None,0.8668145208357652,0.6756756756756757,0.08382229673093043,0.14914243102162567,0.7509609327168631,0.3809993653257669,7326,48,1093,100
9,0.55,400,10,5,0.7,None,0.8668145208357652,0.8939393939393939,0.04945515507124895,0.0937251787132645,0.7651610481629232,0.4230966546307482,7367,7,1134,59
10,0.59,400,12,5,0.7,None,0.8669312478113692,0.9206349206349206,0.04861693210393965,0.09235668789808917,0.7947650736338068,0.4859891768125886,7369,5,1135,58
7,0.47,400,12,10,sqrt,None,0.8670479747869733,0.7872340425531915,0.06202849958088852,0.11499611499611499,0.7768399016866993,0.42631161666067097,7354,20,1119,74
10,0.26,400,12,5,0.7,None,0.8671647017625773,0.5308641975308642,0.3964794635373009,0.45393474088291746,0.7947650736338068,0.4859891768125886,6956,418,720,473
9,0.3,400,10,5,0.7,None,0.8671647017625773,0.5488454706927176,0.25901089689857504,0.35193621867881547,0.7651610481629232,0.4230966546307482,7120,254,884,309
6,0.37,400,10,10,sqrt,None,0.8671647017625773,0.6150627615062761,0.12321877619446772,0.2053072625698324,0.7509609327168631,0.3809993653257669,7282,92,1046,147
8,0.41,400,8,5,0.7,None,0.8672814287381814,0.6428571428571429,0.10561609388097234,0.18142548596112312,0.7296195531705494,0.357516670173057,7304,70,1067,126
6,0.4,400,10,10,sqrt,None,0.8672814287381814,0.6666666666666666,0.09388097233864208,0.16458486407053638,0.7509609327168631,0.3809993653257669,7318,56,1081,112
9,0.53,400,10,5,0.7,None,0.8672814287381814,0.8589743589743589,0.056160938809723386,0.1054287962234461,0.7651610481629232,0.4230966546307482,7363,11,1126,67
10,0.58,400,12,5,0.7,None,0.8672814287381814,0.9,0.05280804694048617,0.0997624703087886,0.7947650736338068,0.4859891768125886,7367,7,1130,63
6,0.36,400,10,10,sqrt,None,0.8673981557137854,0.6059479553903345,0.1366303436714166,0.22298221614227087,0.7509609327168631,0.3809993653257669,7268,106,1030,163
6,0.39,400,10,10,sqrt,None,0.8673981557137854,0.6507936507936508,0.10310142497904443,0.17800289435600578,0.7509609327168631,0.3809993653257669,7308,66,1070,123
7,0.46,400,12,10,sqrt,None,0.8673981557137854,0.7714285714285715,0.06789606035205364,0.12480739599383667,0.7768399016866993,0.42631161666067097,7350,24,1112,81
7,0.29,400,12,10,sqrt,None,0.8675148826893895,0.5480132450331126,0.2774518021793797,0.36839176405119645,0.7768399016866993,0.42631161666067097,7101,273,862,331
7,0.45,400,12,10,sqrt,None,0.8676316096649935,0.7610619469026548,0.07208717518860017,0.13169984686064318,0.7768399016866993,0.42631161666067097,7347,27,1107,86
6,0.34,400,10,10,sqrt,None,0.8678650636162017,0.5944272445820433,0.16093880972338642,0.2532981530343008,0.7509609327168631,0.3809993653257669,7243,131,1001,192
9,0.52,400,10,5,0.7,None,0.8678650636162017,0.8505747126436781,0.06202849958088852,0.115625,0.7651610481629232,0.4230966546307482,7361,13,1119,74
7,0.44,400,12,10,sqrt,None,0.8680985175674099,0.7368421052631579,0.08214585079631181,0.1478129713423831,0.7768399016866993,0.42631161666067097,7339,35,1095,98
9,0.31,400,10,5,0.7,None,0.868331971518618,0.5626204238921002,0.24476110645431684,0.3411214953271028,0.7651610481629232,0.4230966546307482,7147,227,901,292
10,0.57,400,12,5,0.7,None,0.868331971518618,0.9113924050632911,0.06035205364626991,0.11320754716981132,0.7947650736338068,0.4859891768125886,7367,7,1121,72
6,0.38,400,10,10,sqrt,None,0.868448698494222,0.6586538461538461,0.11483654652137469,0.19557458957887222,0.7509609327168631,0.3809993653257669,7303,71,1056,137
9,0.51,400,10,5,0.7,None,0.868448698494222,0.8367346938775511,0.06873428331936295,0.12703330751355538,0.7651610481629232,0.4230966546307482,7358,16,1111,82
7,0.43,400,12,10,sqrt,None,0.8685654254698261,0.7189542483660131,0.09220452640402348,0.16344725111441308,0.7768399016866993,0.42631161666067097,7331,43,1083,110
9,0.48,400,10,5,0.7,None,0.8687988794210342,0.7674418604651163,0.08298407376362113,0.14977307110438728,0.7651610481629232,0.4230966546307482,7344,30,1094,99
9,0.5,400,10,5,0.7,None,0.8687988794210342,0.822429906542056,0.07376362112321877,0.13538461538461538,0.7651610481629232,0.4230966546307482,7355,19,1105,88
9,0.49,400,10,5,0.7,None,0.8689156063966382,0.7966101694915254,0.07879295892707461,0.14340198321891687,0.7651610481629232,0.4230966546307482,7350,24,1099,94
10,0.56,400,12,5,0.7,None,0.8690323333722423,0.9176470588235294,0.06538139145012574,0.12206572769953052,0.7947650736338068,0.4859891768125886,7367,7,1115,78
9,0.32,400,10,5,0.7,None,0.8693825142990546,0.5770833333333333,0.23218776194467727,0.3311416616855947,0.7651610481629232,0.4230966546307482,7171,203,916,277
7,0.3,400,12,10,sqrt,None,0.8694992412746586,0.5685557586837294,0.2606873428331936,0.35747126436781607,0.7768399016866993,0.42631161666067097,7138,236,882,311
7,0.42,400,12,10,sqrt,None,0.8696159682502627,0.7209302325581395,0.10393964794635373,0.18168498168498168,0.7768399016866993,0.42631161666067097,7326,48,1069,124
7,0.4,400,12,10,sqrt,None,0.8698494222014708,0.6822429906542056,0.12238055322715842,0.20753375977256575,0.7768399016866993,0.42631161666067097,7306,68,1047,146
10,0.27,400,12,5,0.7,None,0.8700828761526789,0.5481927710843374,0.38139145012573344,0.44982698961937717,0.7947650736338068,0.4859891768125886,6999,375,738,455
9,0.33,400,10,5,0.7,None,0.8700828761526789,0.5900900900900901,0.2196144174350377,0.32009773976786804,0.7651610481629232,0.4230966546307482,7192,182,931,262
7,0.41,400,12,10,sqrt,None,0.8700828761526789,0.7040816326530612,0.11567476948868399,0.19870410367170627,0.7768399016866993,0.42631161666067097,7316,58,1055,138
10,0.55,400,12,5,0.7,None,0.8700828761526789,0.9166666666666666,0.07376362112321877,0.1365399534522886,0.7947650736338068,0.4859891768125886,7366,8,1105,88
9,0.47,400,10,5,0.7,None,0.8701996031282829,0.7793103448275862,0.09471919530595138,0.16890881913303438,0.7651610481629232,0.4230966546307482,7342,32,1080,113
7,0.34,400,12,10,sqrt,None,0.8707832380063033,0.6149732620320856,0.19279128248113997,0.2935545628589662,0.7768399016866993,0.42631161666067097,7230,144,963,230
9,0.39,400,10,5,0.7,None,0.8707832380063033,0.6535714285714286,0.1533948030176027,0.2484725050916497,0.7651610481629232,0.4230966546307482,7277,97,1010,183
7,0.39,400,12,10,sqrt,None,0.8707832380063033,0.6776859504132231,0.1374685666387259,0.22857142857142856,0.7768399016866993,0.42631161666067097,7296,78,1029,164
10,0.54,400,12,5,0.7,None,0.8707832380063033,0.9056603773584906,0.08046940486169321,0.14780600461893764,0.7947650736338068,0.4859891768125886,7364,10,1097,96
9,0.4,400,10,5,0.7,None,0.8708999649819074,0.6617100371747212,0.14920368818105617,0.24350205198358413,0.7651610481629232,0.4230966546307482,7283,91,1015,178
7,0.38,400,12,10,sqrt,None,0.8708999649819074,0.667953667953668,0.14501257334450965,0.23829201101928374,0.7768399016866993,0.42631161666067097,7288,86,1020,173
7,0.35,400,12,10,sqrt,None,0.8710166919575114,0.6325301204819277,0.1760268231349539,0.2754098360655738,0.7768399016866993,0.42631161666067097,7252,122,983,210
9,0.46,400,10,5,0.7,None,0.8710166919575114,0.775,0.10393964794635373,0.18329637841832963,0.7651610481629232,0.4230966546307482,7338,36,1069,124
7,0.32,400,12,10,sqrt,None,0.8711334189331155,0.6,0.22380553227158423,0.326007326007326,0.7768399016866993,0.42631161666067097,7196,178,926,267
9,0.34,400,10,5,0.7,None,0.8711334189331155,0.6067146282973621,0.21207041072925398,0.3142857142857143,0.7651610481629232,0.4230966546307482,7210,164,940,253
7,0.36,400,12,10,sqrt,None,0.8711334189331155,0.6459016393442623,0.16512992455993294,0.2630173564753004,0.7768399016866993,0.42631161666067097,7266,108,996,197
7,0.33,400,12,10,sqrt,None,0.8712501459087195,0.6086956521739131,0.2112321877619447,0.313627878033603,0.7768399016866993,0.42631161666067097,7212,162,941,252
9,0.36,400,10,5,0.7,None,0.8712501459087195,0.6236263736263736,0.19027661357921208,0.2915863840719332,0.7651610481629232,0.4230966546307482,7237,137,966,227
7,0.37,400,12,10,sqrt,None,0.8712501459087195,0.6630434782608695,0.1533948030176027,0.2491490810074881,0.7768399016866993,0.42631161666067097,7281,93,1010,183
7,0.31,400,12,10,sqrt,None,0.8713668728843236,0.590818363273453,0.24811399832355407,0.34946871310507677,0.7768399016866993,0.42631161666067097,7169,205,897,296
9,0.35,400,10,5,0.7,None,0.8716003268355317,0.6195372750642674,0.20201173512154233,0.30467762326169406,0.7651610481629232,0.4230966546307482,7226,148,952,241
9,0.37,400,10,5,0.7,None,0.8718337807867398,0.6409495548961425,0.18105616093880972,0.2823529411764706,0.7651610481629232,0.4230966546307482,7253,121,977,216
9,0.38,400,10,5,0.7,None,0.8718337807867398,0.6537216828478964,0.16932103939647947,0.26897470039946736,0.7651610481629232,0.4230966546307482,7267,107,991,202
10,0.53,400,12,5,0.7,None,0.8718337807867398,0.8925619834710744,0.09052808046940486,0.1643835616438356,0.7947650736338068,0.4859891768125886,7361,13,1085,108
9,0.45,400,10,5,0.7,None,0.8719505077623438,0.7758620689655172,0.11316010058675607,0.19751280175566935,0.7651610481629232,0.4230966546307482,7335,39,1058,135
9,0.41,400,10,5,0.7,None,0.8720672347379479,0.6995884773662552,0.14249790444258173,0.23676880222841226,0.7651610481629232,0.4230966546307482,7301,73,1023,170
9,0.44,400,10,5,0.7,None,0.8724174156647602,0.7604166666666666,0.12238055322715842,0.2108303249097473,0.7651610481629232,0.4230966546307482,7328,46,1047,146
9,0.43,400,10,5,0.7,None,0.8725341426403642,0.7393364928909952,0.13076278290025148,0.2222222222222222,0.7651610481629232,0.4230966546307482,7319,55,1037,156
10,0.28,400,12,5,0.7,None,0.8726508696159683,0.5658914728682171,0.3671416596814753,0.44534824605998985,0.7947650736338068,0.4859891768125886,7038,336,755,438
9,0.42,400,10,5,0.7,None,0.8727675965915723,0.7268722466960352,0.1383067896060352,0.2323943661971831,0.7651610481629232,0.4230966546307482,7312,62,1028,165
10,0.52,400,12,5,0.7,None,0.8728843235671764,0.8823529411764706,0.10058675607711651,0.18058690744920994,0.7947650736338068,0.4859891768125886,7358,16,1073,120
10,0.51,400,12,5,0.7,None,0.8730010505427804,0.8723404255319149,0.10310142497904443,0.18440779610194902,0.7947650736338068,0.4859891768125886,7356,18,1070,123
10,0.5,400,12,5,0.7,None,0.8733512314695926,0.8698630136986302,0.10645431684828165,0.1896938013442868,0.7947650736338068,0.4859891768125886,7355,19,1066,127
10,0.49,400,12,5,0.7,None,0.873934866347613,0.8509316770186336,0.11483654652137469,0.20236336779911374,0.7947650736338068,0.4859891768125886,7350,24,1056,137
10,0.29,400,12,5,0.7,None,0.8745185012256332,0.5835694050991501,0.34534786253143335,0.43391258557135337,0.7947650736338068,0.4859891768125886,7080,294,781,412
10,0.48,400,12,5,0.7,None,0.8746352282012373,0.8439306358381503,0.12238055322715842,0.21376281112737922,0.7947650736338068,0.4859891768125886,7347,27,1047,146
10,0.46,400,12,5,0.7,None,0.8748686821524454,0.8071065989847716,0.13327745180217937,0.22877697841726619,0.7947650736338068,0.4859891768125886,7336,38,1034,159
10,0.47,400,12,5,0.7,None,0.8751021361036535,0.8288770053475936,0.12992455993294216,0.2246376811594203,0.7947650736338068,0.4859891768125886,7342,32,1038,155
10,0.45,400,12,5,0.7,None,0.8753355900548617,0.8019323671497585,0.13914501257334452,0.23714285714285716,0.7947650736338068,0.4859891768125886,7333,41,1027,166
10,0.3,400,12,5,0.7,None,0.8755690440060698,0.5978428351309707,0.32523051131601005,0.4212812160694897,0.7947650736338068,0.4859891768125886,7113,261,805,388
10,0.44,400,12,5,0.7,None,0.8756857709816739,0.7857142857142857,0.14752724224643754,0.24841213832039521,0.7947650736338068,0.4859891768125886,7326,48,1017,176
10,0.31,400,12,5,0.7,None,0.8761526788840901,0.610738255033557,0.30511316010058676,0.40693124650642815,0.7947650736338068,0.4859891768125886,7142,232,829,364
10,0.4,400,12,5,0.7,None,0.8762694058596942,0.7254237288135593,0.17937971500419111,0.28763440860215056,0.7947650736338068,0.4859891768125886,7293,81,979,214
10,0.41,400,12,5,0.7,None,0.8763861328352982,0.7445255474452555,0.17099748533109807,0.278118609406953,0.7947650736338068,0.4859891768125886,7304,70,989,204
10,0.43,400,12,5,0.7,None,0.8765028598109023,0.7800829875518672,0.15758591785414922,0.26220362622036264,0.7947650736338068,0.4859891768125886,7321,53,1005,188
10,0.36,400,12,5,0.7,None,0.8767363137621105,0.6683046683046683,0.22799664710813075,0.34,0.7947650736338068,0.4859891768125886,7239,135,921,272
10,0.39,400,12,5,0.7,None,0.8767363137621105,0.7147335423197492,0.19111483654652137,0.30158730158730157,0.7947650736338068,0.4859891768125886,7283,91,965,228
10,0.32,400,12,5,0.7,None,0.8769697677133186,0.6247755834829444,0.2917015926236379,0.3977142857142857,0.7947650736338068,0.4859891768125886,7165,209,845,348
10,0.37,400,12,5,0.7,None,0.8769697677133186,0.6853333333333333,0.2154233025984912,0.3278061224489796,0.7947650736338068,0.4859891768125886,7256,118,936,257
10,0.38,400,12,5,0.7,None,0.8769697677133186,0.7026239067055393,0.20201173512154233,0.3138020833333333,0.7947650736338068,0.4859891768125886,7272,102,952,241
10,0.42,400,12,5,0.7,None,0.8770864946889226,0.7755905511811023,0.16512992455993294,0.2722874913614375,0.7947650736338068,0.4859891768125886,7317,57,996,197
10,0.33,400,12,5,0.7,None,0.8772032216645267,0.6379647749510763,0.2732606873428332,0.3826291079812207,0.7947650736338068,0.4859891768125886,7189,185,867,326
10,0.35,400,12,5,0.7,None,0.8772032216645267,0.6613272311212814,0.24224643755238895,0.35460122699386504,0.7947650736338068,0.4859891768125886,7226,148,904,289
10,0.34,400,12,5,0.7,None,0.877786856542547,0.6533613445378151,0.2606873428331936,0.37267825044937086,0.7947650736338068,0.4859891768125886,7209,165,882,311
